image;plate_num;plate_type;bbox;quad;is_vehicle;is_synthetic;source;license;conditions
images/real/real_00000.jpg;H982XC93;type1a;0,0,233,136;0,0,233,0,233,136,0,136;1;0;AUTO.RIA Numberplate Options Dataset 2021-09-03 (Nomeroff Net), https://nomeroff.net.ua/datasets/ | 17127911-17127911--n982khs93-_Suzuki_Vitara.png | conditions: оценка по яркости;CC BY 4.0;day
images/real/real_00001.jpg;O521OO134;type1a;0,0,185,108;0,0,185,0,185,108,0,108;1;0;AUTO.RIA Numberplate Options Dataset 2021-09-03 (Nomeroff Net), https://nomeroff.net.ua/datasets/ | 17185158-17185158--o521oo134-_Lexus_GX.png | conditions: оценка по яркости;CC BY 4.0;day
images/real/real_00002.jpg;B895HY41;type1a;0,0,141,82;0,0,141,0,141,82,0,82;1;0;AUTO.RIA Numberplate Options Dataset 2021-09-03 (Nomeroff Net), https://nomeroff.net.ua/datasets/ | 17178875-17178875--v895nu41-_Toyota_Land_Cruiser_Prado.png | conditions: оценка по яркости;CC BY 4.0;day
images/real/real_00003.jpg;A693AA125;type1a;0,0,155,90;0,0,155,0,155,90,0,90;1;0;AUTO.RIA Numberplate Options Dataset 2021-09-03 (Nomeroff Net), https://nomeroff.net.ua/datasets/ | 17145498-17145498--a693aa125-_Toyota_RAV4.png | conditions: оценка по яркости;CC BY 4.0;day
images/real/real_00004.jpg;C820YC72;type1a;0,0,160,94;0,0,160,0,160,94,0,94;1;0;AUTO.RIA Numberplate Options Dataset 2021-09-03 (Nomeroff Net), https://nomeroff.net.ua/datasets/ | 17154117-17154117--s820us72-_Honda_Stepwgn.png | conditions: оценка по яркости;CC BY 4.0;day
images/real/real_00005.jpg;X008CE98;type1a;0,0,225,131;0,0,225,0,225,131,0,131;1;0;AUTO.RIA Numberplate Options Dataset 2021-09-03 (Nomeroff Net), https://nomeroff.net.ua/datasets/ | 17181327-17181327--kh008se98-_HUMMER_H3.png | conditions: оценка по яркости;CC BY 4.0;day
images/real/real_00006.jpg;P128MH193;type1a;0,0,268,157;0,0,268,0,268,157,0,157;1;0;AUTO.RIA Numberplate Options Dataset 2021-09-03 (Nomeroff Net), https://nomeroff.net.ua/datasets/ | 17150807-17150807--r128mn193-_Suzuki_Alto.png | conditions: оценка по яркости;CC BY 4.0;day
images/real/real_00007.jpg;A030BX125;type1a;0,0,131,76;0,0,131,0,131,76,0,76;1;0;AUTO.RIA Numberplate Options Dataset 2021-09-03 (Nomeroff Net), https://nomeroff.net.ua/datasets/ | 17164311-17164311--a030vkh125-_Toyota_Probox.png | conditions: оценка по яркости;CC BY 4.0;day
images/real/real_00008.jpg;B080EM702;type1a;0,0,191,111;0,0,191,0,191,111,0,111;1;0;AUTO.RIA Numberplate Options Dataset 2021-09-03 (Nomeroff Net), https://nomeroff.net.ua/datasets/ | 17100508-17100508--v080em702-_Changan_(Chana)_CS35_Plus.png | conditions: оценка по яркости;CC BY 4.0;day
images/real/real_00009.jpg;K665KM198;type1a;0,0,92,54;0,0,92,0,92,54,0,54;1;0;AUTO.RIA Numberplate Options Dataset 2021-09-03 (Nomeroff Net), https://nomeroff.net.ua/datasets/ | 17166599-17166599--k665km198-_Toyota_Prius.png | conditions: оценка по яркости;CC BY 4.0;day
images/real/real_00010.jpg;A177EK25;type1a;0,0,102,59;0,0,102,0,102,59,0,59;1;0;AUTO.RIA Numberplate Options Dataset 2021-09-03 (Nomeroff Net), https://nomeroff.net.ua/datasets/ | 17198519-17198519--a177ek25-_Toyota_Crown.png | conditions: оценка по яркости;CC BY 4.0;day
images/real/real_00011.jpg;E287XK177;type1a;0,0,125,73;0,0,125,0,125,73,0,73;1;0;AUTO.RIA Numberplate Options Dataset 2021-09-03 (Nomeroff Net), https://nomeroff.net.ua/datasets/ | 17161990-17161990--e287khk177-_Honda_Airwave.png | conditions: оценка по яркости;CC BY 4.0;day
images/real/real_00012.jpg;K184OP125;type1a;0,0,132,77;0,0,132,0,132,77,0,77;1;0;AUTO.RIA Numberplate Options Dataset 2021-09-03 (Nomeroff Net), https://nomeroff.net.ua/datasets/ | 17186425-17186425--k184or125-_Toyota_Corolla_Fielder.png | conditions: оценка по яркости;CC BY 4.0;day
images/real/real_00013.jpg;H073OE125;type1a;0,0,114,66;0,0,114,0,114,66,0,66;1;0;AUTO.RIA Numberplate Options Dataset 2021-09-03 (Nomeroff Net), https://nomeroff.net.ua/datasets/ | 17077728-17077728--n073oe125-_Toyota_Crown.png | conditions: оценка по яркости;CC BY 4.0;day
images/real/real_00014.jpg;K898CP102;type1a;0,0,214,125;0,0,214,0,214,125,0,125;1;0;AUTO.RIA Numberplate Options Dataset 2021-09-03 (Nomeroff Net), https://nomeroff.net.ua/datasets/ | 17088026-17088026--k898sr102-_Toyota_Celica.png | conditions: оценка по яркости;CC BY 4.0;day
images/real/real_00015.jpg;O878OT25;type1a;0,0,232,136;0,0,232,0,232,136,0,136;1;0;AUTO.RIA Numberplate Options Dataset 2021-09-03 (Nomeroff Net), https://nomeroff.net.ua/datasets/ | 17141392-17141392--o878ot25-_Toyota_FJ_Cruiser.png | conditions: оценка по яркости;CC BY 4.0;day
images/real/real_00016.jpg;O430TB125;type1a;0,0,141,82;0,0,141,0,141,82,0,82;1;0;AUTO.RIA Numberplate Options Dataset 2021-09-03 (Nomeroff Net), https://nomeroff.net.ua/datasets/ | 17224743-17224743--o430tv125-_Nissan_Note.png | conditions: оценка по яркости;CC BY 4.0;day
images/real/real_00017.jpg;E497KH57;type1a;0,0,172,100;0,0,172,0,172,100,0,100;1;0;AUTO.RIA Numberplate Options Dataset 2021-09-03 (Nomeroff Net), https://nomeroff.net.ua/datasets/ | 17157252-17157252--e497kn57-_Chrysler_PT_Cruiser.png | conditions: оценка по яркости;CC BY 4.0;day
images/real/real_00018.jpg;M171KA138;type1a;0,0,291,170;0,0,291,0,291,170,0,170;1;0;AUTO.RIA Numberplate Options Dataset 2021-09-03 (Nomeroff Net), https://nomeroff.net.ua/datasets/ | 17121889-17121889--m171ka138-_Honda_Fit_Shuttle.png | conditions: оценка по яркости;CC BY 4.0;day
images/real/real_00019.jpg;M248AH774;type1a;0,0,233,136;0,0,233,0,233,136,0,136;1;0;AUTO.RIA Numberplate Options Dataset 2021-09-03 (Nomeroff Net), https://nomeroff.net.ua/datasets/ | 17128629-17128629--m248an774-_Toyota_Mark_II.png | conditions: оценка по яркости;CC BY 4.0;day
images/real/real_00020.jpg;X723MX55;type1a;0,0,228,133;0,0,228,0,228,133,0,133;1;0;AUTO.RIA Numberplate Options Dataset 2021-09-03 (Nomeroff Net), https://nomeroff.net.ua/datasets/ | 17088320-17088320--kh723mkh55-_Toyota_Nadia.png | conditions: оценка по яркости;CC BY 4.0;day
images/real/real_00021.jpg;T234MT77;type1a;0,0,199,116;0,0,199,0,199,116,0,116;1;0;AUTO.RIA Numberplate Options Dataset 2021-09-03 (Nomeroff Net), https://nomeroff.net.ua/datasets/ | 17080925-17080925--t234mt77-_Dodge_Ram_Van.png | conditions: оценка по яркости;CC BY 4.0;day
images/real/real_00022.jpg;M473EE125;type1a;0,0,148,86;0,0,148,0,148,86,0,86;1;0;AUTO.RIA Numberplate Options Dataset 2021-09-03 (Nomeroff Net), https://nomeroff.net.ua/datasets/ | 17146604-17146604--m473ee125-_Nissan_March.png | conditions: оценка по яркости;CC BY 4.0;day
images/real/real_00023.jpg;P517OH125;type1a;0,0,127,74;0,0,127,0,127,74,0,74;1;0;AUTO.RIA Numberplate Options Dataset 2021-09-03 (Nomeroff Net), https://nomeroff.net.ua/datasets/ | 17094437-17094437--r517on125-_Toyota_Aqua.png | conditions: оценка по яркости;CC BY 4.0;day
images/real/real_00024.jpg;X085XH36;type1a;0,0,195,114;0,0,195,0,195,114,0,114;1;0;AUTO.RIA Numberplate Options Dataset 2021-09-03 (Nomeroff Net), https://nomeroff.net.ua/datasets/ | 17167452-17167452--kh085khn36-_Lada_(VAZ)_2101.png | conditions: оценка по яркости;CC BY 4.0;day
images/real/real_00025.jpg;Y575EH102;type1a;0,0,144,84;0,0,144,0,144,84,0,84;1;0;AUTO.RIA Numberplate Options Dataset 2021-09-03 (Nomeroff Net), https://nomeroff.net.ua/datasets/ | 17193259-17193259--u575en102-_HUMMER_H3.png | conditions: оценка по яркости;CC BY 4.0;day
images/real/real_00026.jpg;B884TB102;type1a;0,0,192,113;0,0,192,0,192,113,0,113;1;0;AUTO.RIA Numberplate Options Dataset 2021-09-03 (Nomeroff Net), https://nomeroff.net.ua/datasets/ | 17108778-17108778--v884tv102-_Mitsubishi_Endeavor.png | conditions: оценка по яркости;CC BY 4.0;day
images/real/real_00027.jpg;T656YH31;type1a;0,0,240,140;0,0,240,0,240,140,0,140;1;0;AUTO.RIA Numberplate Options Dataset 2021-09-03 (Nomeroff Net), https://nomeroff.net.ua/datasets/ | 17113912-17113912--t656un31-_Honda_Stepwgn.png | conditions: оценка по яркости;CC BY 4.0;day
images/real/real_00028.jpg;B417HA102;type1a;0,0,155,91;0,0,155,0,155,91,0,91;1;0;AUTO.RIA Numberplate Options Dataset 2021-09-03 (Nomeroff Net), https://nomeroff.net.ua/datasets/ | 17165565-17165565--v417na102-_Honda_Integra.png | conditions: оценка по яркости;CC BY 4.0;day
images/real/real_00029.jpg;A332KH156;type1a;0,0,349,205;0,0,349,0,349,205,0,205;1;0;AUTO.RIA Numberplate Options Dataset 2021-09-03 (Nomeroff Net), https://nomeroff.net.ua/datasets/ | 17094329-17094329--a332kn156-_Toyota_Corolla_Rumion.png | conditions: оценка по яркости;CC BY 4.0;day
images/real/real_00030.jpg;C221OO197;type1a;0,0,345,202;0,0,345,0,345,202,0,202;1;0;AUTO.RIA Numberplate Options Dataset 2021-09-03 (Nomeroff Net), https://nomeroff.net.ua/datasets/ | 17121635-17121635--s221oo197-_GAZ_21_Volga.png | conditions: оценка по яркости;CC BY 4.0;day
images/real/real_00031.jpg;Y252HK125;type1a;0,0,160,93;0,0,160,0,160,93,0,93;1;0;AUTO.RIA Numberplate Options Dataset 2021-09-03 (Nomeroff Net), https://nomeroff.net.ua/datasets/ | 17185796-17185796--u252nk125-_Toyota_Porte.png | conditions: оценка по яркости;CC BY 4.0;day
images/real/real_00032.jpg;H792ET125;type1a;0,0,202,118;0,0,202,0,202,118,0,118;1;0;AUTO.RIA Numberplate Options Dataset 2021-09-03 (Nomeroff Net), https://nomeroff.net.ua/datasets/ | 17122542-17122542--n792et125-_Toyota_Allion.png | conditions: оценка по яркости;CC BY 4.0;day
images/real/real_00033.jpg;K453XB125;type1a;0,0,153,89;0,0,153,0,153,89,0,89;1;0;AUTO.RIA Numberplate Options Dataset 2021-09-03 (Nomeroff Net), https://nomeroff.net.ua/datasets/ | 17224799-17224799--k453khv125-_Honda_Vezel.png | conditions: оценка по яркости;CC BY 4.0;day
images/real/real_00034.jpg;B146PH702;type1a;0,0,146,85;0,0,146,0,146,85,0,85;1;0;AUTO.RIA Numberplate Options Dataset 2021-09-03 (Nomeroff Net), https://nomeroff.net.ua/datasets/ | 17083029-17083029--v146rn702-_Lexus_GX.png | conditions: оценка по яркости;CC BY 4.0;day
images/real/real_00035.jpg;T689CH25;type1a;0,0,114,66;0,0,114,0,114,66,0,66;1;0;AUTO.RIA Numberplate Options Dataset 2021-09-03 (Nomeroff Net), https://nomeroff.net.ua/datasets/ | 17154349-17154349--t689sn25-_Toyota_Land_Cruiser_Prado.png | conditions: оценка по яркости;CC BY 4.0;day
images/real/real_00036.jpg;A789HP702;type1a;0,0,139,81;0,0,139,0,139,81,0,81;1;0;AUTO.RIA Numberplate Options Dataset 2021-09-03 (Nomeroff Net), https://nomeroff.net.ua/datasets/ | 17124306-17124306--a789nr702-_Honda_Civic.png | conditions: оценка по яркости;CC BY 4.0;day
images/real/real_00037.jpg;E256HX702;type1a;0,0,194,113;0,0,194,0,194,113,0,113;1;0;AUTO.RIA Numberplate Options Dataset 2021-09-03 (Nomeroff Net), https://nomeroff.net.ua/datasets/ | 17114270-17114270--e256nkh702-_Toyota_Voxy.png | conditions: оценка по яркости;CC BY 4.0;day
images/real/real_00038.jpg;O060MM59;type1a;0,0,229,134;0,0,229,0,229,134,0,134;1;0;AUTO.RIA Numberplate Options Dataset 2021-09-03 (Nomeroff Net), https://nomeroff.net.ua/datasets/ | 17157810-17157810--o060mm59-_Toyota_Land_Cruiser_Prado.png | conditions: оценка по яркости;CC BY 4.0;day
images/real/real_00039.jpg;A232XA92;type1a;0,0,198,116;0,0,198,0,198,116,0,116;1;0;AUTO.RIA Numberplate Options Dataset 2021-09-03 (Nomeroff Net), https://nomeroff.net.ua/datasets/ | 17111817-17111817--a232kha92-_Mitsubishi_Galant.png | conditions: оценка по яркости;CC BY 4.0;day
images/real/real_00040.jpg;E335AB702;type1a;0,0,192,112;0,0,192,0,192,112,0,112;1;0;AUTO.RIA Numberplate Options Dataset 2021-09-03 (Nomeroff Net), https://nomeroff.net.ua/datasets/ | 17122869-17122869--e335av702-_Honda_Stepwgn.png | conditions: оценка по яркости;CC BY 4.0;day
images/real/real_00041.jpg;A511PK124;type1a;0,0,220,129;0,0,220,0,220,129,0,129;1;0;AUTO.RIA Numberplate Options Dataset 2021-09-03 (Nomeroff Net), https://nomeroff.net.ua/datasets/ | 17161419-17161419--a511rk124-_Toyota_Isis.png | conditions: оценка по яркости;CC BY 4.0;day
images/real/real_00042.jpg;P574OM777;type1a;0,0,144,84;0,0,144,0,144,84,0,84;1;0;AUTO.RIA Numberplate Options Dataset 2021-09-03 (Nomeroff Net), https://nomeroff.net.ua/datasets/ | 17175074-17175074--r574om777-_Mercedes-Benz_SLK-Klasse.png | conditions: оценка по яркости;CC BY 4.0;day
images/real/real_00043.jpg;M786HE125;type1a;0,0,137,80;0,0,137,0,137,80,0,80;1;0;AUTO.RIA Numberplate Options Dataset 2021-09-03 (Nomeroff Net), https://nomeroff.net.ua/datasets/ | 17145666-17145666--m786ne125-_Toyota_Progres.png | conditions: оценка по яркости;CC BY 4.0;day
images/real/real_00044.jpg;B438XY164;type1a;0,0,262,153;0,0,262,0,262,153,0,153;1;0;AUTO.RIA Numberplate Options Dataset 2021-09-03 (Nomeroff Net), https://nomeroff.net.ua/datasets/ | 17181384-17181384--v438khu164-_Jeep_Grand_Cherokee.png | conditions: оценка по яркости;CC BY 4.0;day
images/real/real_00045.jpg;T712BK142;type1a;0,0,189,110;0,0,189,0,189,110,0,110;1;0;AUTO.RIA Numberplate Options Dataset 2021-09-03 (Nomeroff Net), https://nomeroff.net.ua/datasets/ | 17209524-17209524--t712vk142-_Toyota_Sprinter_Trueno.png | conditions: оценка по яркости;CC BY 4.0;day
images/real/real_00046.jpg;M888XA98;type1a;0,0,217,127;0,0,217,0,217,127,0,127;1;0;AUTO.RIA Numberplate Options Dataset 2021-09-03 (Nomeroff Net), https://nomeroff.net.ua/datasets/ | 17181374-17181374--m888kha98-_Toyota_Venza.png | conditions: оценка по яркости;CC BY 4.0;day
images/real/real_00047.jpg;M594OE125;type1a;0,0,129,75;0,0,129,0,129,75,0,75;1;0;AUTO.RIA Numberplate Options Dataset 2021-09-03 (Nomeroff Net), https://nomeroff.net.ua/datasets/ | 17094845-17094845--m594oe125-_Subaru_XV.png | conditions: оценка по яркости;CC BY 4.0;day
images/real/real_00048.jpg;H590EA65;type1a;0,0,184,107;0,0,184,0,184,107,0,107;1;0;AUTO.RIA Numberplate Options Dataset 2021-09-03 (Nomeroff Net), https://nomeroff.net.ua/datasets/ | 17142475-17142475--n590ea65-_Toyota_Voxy.png | conditions: оценка по яркости;CC BY 4.0;day
images/real/real_00049.jpg;P406KA27;type1a;0,0,109,63;0,0,109,0,109,63,0,63;1;0;AUTO.RIA Numberplate Options Dataset 2021-09-03 (Nomeroff Net), https://nomeroff.net.ua/datasets/ | 17173591-17173591--r406ka27-_Honda_Civic.png | conditions: оценка по яркости;CC BY 4.0;day
images/real/real_00050.jpg;E265TC799;type1a;0,0,159,93;0,0,159,0,159,93,0,93;1;0;AUTO.RIA Numberplate Options Dataset 2021-09-03 (Nomeroff Net), https://nomeroff.net.ua/datasets/ | 17178038-17178038--e265ts799-_Chevrolet_Chevy_Van.png | conditions: оценка по яркости;CC BY 4.0;day
images/real/real_00051.jpg;M133EC29;type1a;0,0,272,159;0,0,272,0,272,159,0,159;1;0;AUTO.RIA Numberplate Options Dataset 2021-09-03 (Nomeroff Net), https://nomeroff.net.ua/datasets/ | 17132703-17132703--m133es29-_Toyota_bB.png | conditions: оценка по яркости;CC BY 4.0;day
images/real/real_00052.jpg;X688BP138;type1a;0,0,146,85;0,0,146,0,146,85,0,85;1;0;AUTO.RIA Numberplate Options Dataset 2021-09-03 (Nomeroff Net), https://nomeroff.net.ua/datasets/ | 17093538-17093538--kh688vr138-_Toyota_ToyoAce_Route_Van.png | conditions: оценка по яркости;CC BY 4.0;day
images/real/real_00053.jpg;M534AK31;type1a;0,0,260,152;0,0,260,0,260,152,0,152;1;0;AUTO.RIA Numberplate Options Dataset 2021-09-03 (Nomeroff Net), https://nomeroff.net.ua/datasets/ | 17201489-17201489--m534ak31-_Toyota_Vitz.png | conditions: оценка по яркости;CC BY 4.0;day
images/real/real_00054.jpg;M250BT12;type1a;0,0,269,158;0,0,269,0,269,158,0,158;1;0;AUTO.RIA Numberplate Options Dataset 2021-09-03 (Nomeroff Net), https://nomeroff.net.ua/datasets/ | 17113208-17113208--m250vt12-_Toyota_Crown.png | conditions: оценка по яркости;CC BY 4.0;day
images/real/real_00055.jpg;P095HM125;type1a;0,0,133,77;0,0,133,0,133,77,0,77;1;0;AUTO.RIA Numberplate Options Dataset 2021-09-03 (Nomeroff Net), https://nomeroff.net.ua/datasets/ | 17120416-17120416--r095nm125-_Toyota_Crown.png | conditions: оценка по яркости;CC BY 4.0;day
images/real/real_00056.jpg;T309AA39;type1a;0,0,214,125;0,0,214,0,214,125,0,125;1;0;AUTO.RIA Numberplate Options Dataset 2021-09-03 (Nomeroff Net), https://nomeroff.net.ua/datasets/ | 17173846-17173846--t309aa39-_Toyota_Aqua.png | conditions: оценка по яркости;CC BY 4.0;day
images/real/real_00057.jpg;A650HC702;type1a;0,0,150,87;0,0,150,0,150,87,0,87;1;0;AUTO.RIA Numberplate Options Dataset 2021-09-03 (Nomeroff Net), https://nomeroff.net.ua/datasets/ | 17142845-17142845--a650ns702-_Toyota_Wish.png | conditions: оценка по яркости;CC BY 4.0;day
images/real/real_00058.jpg;E581TM33;type1a;0,0,178,104;0,0,178,0,178,104,0,104;1;0;AUTO.RIA Numberplate Options Dataset 2021-09-03 (Nomeroff Net), https://nomeroff.net.ua/datasets/ | 17092693-17092693--e581tm33-_Audi_A3_Sportback.png | conditions: оценка по яркости;CC BY 4.0;day
images/real/real_00059.jpg;H572OP799;type1a;0,0,178,104;0,0,178,0,178,104,0,104;1;0;AUTO.RIA Numberplate Options Dataset 2021-09-03 (Nomeroff Net), https://nomeroff.net.ua/datasets/ | 17164716-17164716--n572or799-_Land_Rover_Discovery.png | conditions: оценка по яркости;CC BY 4.0;day
images/real/real_00060.jpg;A263AC98;type1a;0,0,223,130;0,0,223,0,223,130,0,130;1;0;AUTO.RIA Numberplate Options Dataset 2021-09-03 (Nomeroff Net), https://nomeroff.net.ua/datasets/ | 17204653-17204653--a263as98-_Mercedes-Benz_C-Klasse.png | conditions: оценка по яркости;CC BY 4.0;day
images/real/real_00061.jpg;H717HP22;type1a;0,0,201,117;0,0,201,0,201,117,0,117;1;0;AUTO.RIA Numberplate Options Dataset 2021-09-03 (Nomeroff Net), https://nomeroff.net.ua/datasets/ | 17086245-17086245--n717nr22-_Honda_Vezel.png | conditions: оценка по яркости;CC BY 4.0;day
images/real/real_00062.jpg;E946HH69;type1a;0,0,308,180;0,0,308,0,308,180,0,180;1;0;AUTO.RIA Numberplate Options Dataset 2021-09-03 (Nomeroff Net), https://nomeroff.net.ua/datasets/ | 17079036-17079036--e946nn69-_Suzuki_Grand_Vitara.png | conditions: оценка по яркости;CC BY 4.0;day
images/real/real_00063.jpg;A381KE125;type1a;0,0,189,111;0,0,189,0,189,111,0,111;1;0;AUTO.RIA Numberplate Options Dataset 2021-09-03 (Nomeroff Net), https://nomeroff.net.ua/datasets/ | 17183827-17183827--a381ke125-_Toyota_Crown.png | conditions: оценка по яркости;CC BY 4.0;day
images/real/real_00064.jpg;M686CH116;type1a;0,0,157,91;0,0,157,0,157,91,0,91;1;0;AUTO.RIA Numberplate Options Dataset 2021-09-03 (Nomeroff Net), https://nomeroff.net.ua/datasets/ | 17125456-17125456--m686sn116-_Pontiac_Vibe.png | conditions: оценка по яркости;CC BY 4.0;day
images/real/real_00065.jpg;X215HY125;type1a;0,0,158,92;0,0,158,0,158,92,0,92;1;0;AUTO.RIA Numberplate Options Dataset 2021-09-03 (Nomeroff Net), https://nomeroff.net.ua/datasets/ | 17166910-17166910--kh215nu125-_Toyota_Crown.png | conditions: оценка по яркости;CC BY 4.0;day
images/real/real_00066.jpg;M828KY82;type1a;0,0,196,114;0,0,196,0,196,114,0,114;1;0;AUTO.RIA Numberplate Options Dataset 2021-09-03 (Nomeroff Net), https://nomeroff.net.ua/datasets/ | 17189048-17189048--m828ku82-_Dodge_Ram.png | conditions: оценка по яркости;CC BY 4.0;day
images/real/real_00067.jpg;M877CM124;type1a;0,0,371,217;0,0,371,0,371,217,0,217;1;0;AUTO.RIA Numberplate Options Dataset 2021-09-03 (Nomeroff Net), https://nomeroff.net.ua/datasets/ | 17134280-17134280--m877sm124-_Toyota_Esquire.png | conditions: оценка по яркости;CC BY 4.0;day
images/real/real_00068.jpg;B642MK159;type1a;0,0,201,118;0,0,201,0,201,118,0,118;1;0;AUTO.RIA Numberplate Options Dataset 2021-09-03 (Nomeroff Net), https://nomeroff.net.ua/datasets/ | 17175190-17175190--v642mk159-_Chevrolet_Camaro.png | conditions: оценка по яркости;CC BY 4.0;day
images/real/real_00069.jpg;K468AC125;type1a;0,0,157,92;0,0,157,0,157,92,0,92;1;0;AUTO.RIA Numberplate Options Dataset 2021-09-03 (Nomeroff Net), https://nomeroff.net.ua/datasets/ | 17180009-17180009--k468as125-_Toyota_Caldina.png | conditions: оценка по яркости;CC BY 4.0;day
images/real/real_00070.jpg;X649KP62;type1a;0,0,166,97;0,0,166,0,166,97,0,97;1;0;AUTO.RIA Numberplate Options Dataset 2021-09-03 (Nomeroff Net), https://nomeroff.net.ua/datasets/ | 17102415-17102415--kh649kr62-_Lexus_ES.png | conditions: оценка по яркости;CC BY 4.0;day
images/real/real_00071.jpg;T213XX47;type1a;0,0,161,94;0,0,161,0,161,94,0,94;1;0;AUTO.RIA Numberplate Options Dataset 2021-09-03 (Nomeroff Net), https://nomeroff.net.ua/datasets/ | 17171141-17171141--t213khkh47-_Land_Rover_Defender.png | conditions: оценка по яркости;CC BY 4.0;day
images/real/real_00072.jpg;T551MM54;type1a;0,0,291,170;0,0,291,0,291,170,0,170;1;0;AUTO.RIA Numberplate Options Dataset 2021-09-03 (Nomeroff Net), https://nomeroff.net.ua/datasets/ | 17216849-17216849--t551mm54-_Toyota_Mark_II.png | conditions: оценка по яркости;CC BY 4.0;day
images/real/real_00073.jpg;B688OM134;type1a;0,0,187,109;0,0,187,0,187,109,0,109;1;0;AUTO.RIA Numberplate Options Dataset 2021-09-03 (Nomeroff Net), https://nomeroff.net.ua/datasets/ | 17160936-17160936--v688om134-_Subaru_Legacy.png | conditions: оценка по яркости;CC BY 4.0;day
images/real/real_00074.jpg;B784KK147;type1a;0,0,266,156;0,0,266,0,266,156,0,156;1;0;AUTO.RIA Numberplate Options Dataset 2021-09-03 (Nomeroff Net), https://nomeroff.net.ua/datasets/ | 17194501-17194501--v784kk147-_Subaru_Forester.png | conditions: оценка по яркости;CC BY 4.0;day
images/real/real_00075.jpg;T673EA790;type1a;0,0,291,170;0,0,291,0,291,170,0,170;1;0;AUTO.RIA Numberplate Options Dataset 2021-09-03 (Nomeroff Net), https://nomeroff.net.ua/datasets/ | 17214967-17214967--t673ea790-_Toyota_Land_Cruiser_Prado.png | conditions: оценка по яркости;CC BY 4.0;day
images/real/real_00076.jpg;O757EH797;type1a;0,0,192,112;0,0,192,0,192,112,0,112;1;0;AUTO.RIA Numberplate Options Dataset 2021-09-03 (Nomeroff Net), https://nomeroff.net.ua/datasets/ | 17117059-17117059--o757en797-_Moskvitch_(AZLK)_403.png | conditions: оценка по яркости;CC BY 4.0;day
images/real/real_00077.jpg;P152MA40;type1a;0,0,340,199;0,0,340,0,340,199,0,199;1;0;AUTO.RIA Numberplate Options Dataset 2021-09-03 (Nomeroff Net), https://nomeroff.net.ua/datasets/ | 17154882-17154882--r152ma40-_Nissan_Skyline.png | conditions: оценка по яркости;CC BY 4.0;day
images/real/real_00078.jpg;B428YC178;type1a;0,0,210,123;0,0,210,0,210,123,0,123;1;0;AUTO.RIA Numberplate Options Dataset 2021-09-03 (Nomeroff Net), https://nomeroff.net.ua/datasets/ | 17124569-17124569--v428us178-_Dodge_Stratus.png | conditions: оценка по яркости;CC BY 4.0;day
images/real/real_00079.jpg;M775EX10;type1a;0,0,106,62;0,0,106,0,106,62,0,62;1;0;AUTO.RIA Numberplate Options Dataset 2021-09-03 (Nomeroff Net), https://nomeroff.net.ua/datasets/ | 17180965-17180965--m775ekh10-_Volkswagen_Beetle.png | conditions: оценка по яркости;CC BY 4.0;day
images/real/real_00080.jpg;O111KT98;type1a;0,0,264,155;0,0,264,0,264,155,0,155;1;0;AUTO.RIA Numberplate Options Dataset 2021-09-03 (Nomeroff Net), https://nomeroff.net.ua/datasets/ | 17144510-17144510--o111kt98-_Mercedes-Benz_Metris.png | conditions: оценка по яркости;CC BY 4.0;day
images/real/real_00081.jpg;X101HK125;type1a;0,0,125,73;0,0,125,0,125,73,0,73;1;0;AUTO.RIA Numberplate Options Dataset 2021-09-03 (Nomeroff Net), https://nomeroff.net.ua/datasets/ | 17204886-17204886--kh101nk125-_Daihatsu_Tanto_Exe.png | conditions: оценка по яркости;CC BY 4.0;day
images/real/real_00082.jpg;A908BY57;type1a;0,0,192,112;0,0,192,0,192,112,0,112;1;0;AUTO.RIA Numberplate Options Dataset 2021-09-03 (Nomeroff Net), https://nomeroff.net.ua/datasets/ | 17129478-17129478--a908vu57-_Toyota_Sprinter_Carib.png | conditions: оценка по яркости;CC BY 4.0;day
images/real/real_00083.jpg;X691XK125;type1a;0,0,213,124;0,0,213,0,213,124,0,124;1;0;AUTO.RIA Numberplate Options Dataset 2021-09-03 (Nomeroff Net), https://nomeroff.net.ua/datasets/ | 17216043-17216043--kh691khk125-_Subaru_Impreza.png | conditions: оценка по яркости;CC BY 4.0;day
images/real/real_00084.jpg;O931BO40;type1a;0,0,165,97;0,0,165,0,165,97,0,97;1;0;AUTO.RIA Numberplate Options Dataset 2021-09-03 (Nomeroff Net), https://nomeroff.net.ua/datasets/ | 17147538-17147538--o931vo40-_Toyota_Chaser.png | conditions: оценка по яркости;CC BY 4.0;day
images/real/real_00085.jpg;M242OK67;type1a;0,0,181,106;0,0,181,0,181,106,0,106;1;0;AUTO.RIA Numberplate Options Dataset 2021-09-03 (Nomeroff Net), https://nomeroff.net.ua/datasets/ | 17179939-17179939--m242ok67-_Mitsubishi_Pajero_Pinin.png | conditions: оценка по яркости;CC BY 4.0;day
images/real/real_00086.jpg;E386XB99;type1a;0,0,396,232;0,0,396,0,396,232,0,232;1;0;AUTO.RIA Numberplate Options Dataset 2021-09-03 (Nomeroff Net), https://nomeroff.net.ua/datasets/ | 17157976-17157976--e386khv99-_Lada_(VAZ)_2104.png | conditions: оценка по яркости;CC BY 4.0;day
images/real/real_00087.jpg;Y929KY142;type1a;0,0,223,130;0,0,223,0,223,130,0,130;1;0;AUTO.RIA Numberplate Options Dataset 2021-09-03 (Nomeroff Net), https://nomeroff.net.ua/datasets/ | 17104978-17104978--u929ku142-_Honda_Freed.png | conditions: оценка по яркости;CC BY 4.0;day
images/real/real_00088.jpg;H197KB27;type1a;0,0,269,157;0,0,269,0,269,157,0,157;1;0;AUTO.RIA Numberplate Options Dataset 2021-09-03 (Nomeroff Net), https://nomeroff.net.ua/datasets/ | 17145503-17145503--n197kv27-_Toyota_Allion.png | conditions: оценка по яркости;CC BY 4.0;day
images/real/real_00089.jpg;T450XT86;type1a;0,0,286,167;0,0,286,0,286,167,0,167;1;0;AUTO.RIA Numberplate Options Dataset 2021-09-03 (Nomeroff Net), https://nomeroff.net.ua/datasets/ | 17119498-17119498--t450kht86-_Mazda_Verisa.png | conditions: оценка по яркости;CC BY 4.0;day
images/real/real_00090.jpg;M656XM65;type1a;0,0,269,158;0,0,269,0,269,158,0,158;1;0;AUTO.RIA Numberplate Options Dataset 2021-09-03 (Nomeroff Net), https://nomeroff.net.ua/datasets/ | 17119957-17119957--m656khm65-_Toyota_Corolla_Fielder.png | conditions: оценка по яркости;CC BY 4.0;day
images/real/real_00091.jpg;M955HX138;type1a;0,0,291,170;0,0,291,0,291,170,0,170;1;0;AUTO.RIA Numberplate Options Dataset 2021-09-03 (Nomeroff Net), https://nomeroff.net.ua/datasets/ | 17087333-17087333--m955nkh138-_Volkswagen_Passat.png | conditions: оценка по яркости;CC BY 4.0;day
images/real/real_00092.jpg;T180YY31;type1a;0,0,216,126;0,0,216,0,216,126,0,126;1;0;AUTO.RIA Numberplate Options Dataset 2021-09-03 (Nomeroff Net), https://nomeroff.net.ua/datasets/ | 17201506-17201506--t180uu31-_Toyota_Mark_II.png | conditions: оценка по яркости;CC BY 4.0;day
images/real/real_00093.jpg;Y121KB62;type1a;0,0,196,115;0,0,196,0,196,115,0,115;1;0;AUTO.RIA Numberplate Options Dataset 2021-09-03 (Nomeroff Net), https://nomeroff.net.ua/datasets/ | 17218635-17218635--u121kv62-_Pontiac_Vibe.png | conditions: оценка по яркости;CC BY 4.0;day
images/real/real_00094.jpg;K852XO178;type1a;0,0,198,116;0,0,198,0,198,116,0,116;1;0;AUTO.RIA Numberplate Options Dataset 2021-09-03 (Nomeroff Net), https://nomeroff.net.ua/datasets/ | 17147371-17147371--k852kho178-_Volkswagen_Passat.png | conditions: оценка по яркости;CC BY 4.0;day
images/real/real_00095.jpg;A857YA125;type1a;0,0,100,58;0,0,100,0,100,58,0,58;1;0;AUTO.RIA Numberplate Options Dataset 2021-09-03 (Nomeroff Net), https://nomeroff.net.ua/datasets/ | 17164323-17164323--a857ua125-_Toyota_Town_Ace.png | conditions: оценка по яркости;CC BY 4.0;day
images/real/real_00096.jpg;Y907BB55;type1a;0,0,157,91;0,0,157,0,157,91,0,91;1;0;AUTO.RIA Numberplate Options Dataset 2021-09-03 (Nomeroff Net), https://nomeroff.net.ua/datasets/ | 17191240-17191240--u907vv55-_Toyota_Mark_II.png | conditions: оценка по яркости;CC BY 4.0;day
images/real/real_00097.jpg;B865YP89;type1a;0,0,189,110;0,0,189,0,189,110,0,110;1;0;AUTO.RIA Numberplate Options Dataset 2021-09-03 (Nomeroff Net), https://nomeroff.net.ua/datasets/ | 17226858-17226858--v865ur89-_Honda_Stepwgn.png | conditions: оценка по яркости;CC BY 4.0;day
images/real/real_00098.jpg;A482TH125;type1a;0,0,143,83;0,0,143,0,143,83,0,83;1;0;AUTO.RIA Numberplate Options Dataset 2021-09-03 (Nomeroff Net), https://nomeroff.net.ua/datasets/ | 17106490-17106490--a482tn125-_Toyota_Land_Cruiser.png | conditions: оценка по яркости;CC BY 4.0;day
images/real/real_00099.jpg;O660EY90;type1a;0,0,221,129;0,0,221,0,221,129,0,129;1;0;AUTO.RIA Numberplate Options Dataset 2021-09-03 (Nomeroff Net), https://nomeroff.net.ua/datasets/ | 17168109-17168109--o660eu90-_Toyota_Mark_II_Blit.png | conditions: оценка по яркости;CC BY 4.0;day
images/real/real_00100.jpg;T017XH54;type1a;0,0,133,78;0,0,133,0,133,78,0,78;1;0;AUTO.RIA Numberplate Options Dataset 2021-09-03 (Nomeroff Net), https://nomeroff.net.ua/datasets/ | 17130314-17130314--t017khn54-_Toyota_Corona_Premio.png | conditions: оценка по яркости;CC BY 4.0;day
images/real/real_00101.jpg;O960MY31;type1a;0,0,185,108;0,0,185,0,185,108,0,108;1;0;AUTO.RIA Numberplate Options Dataset 2021-09-03 (Nomeroff Net), https://nomeroff.net.ua/datasets/ | 17201565-17201565--o960mu31-_TagAZ_Tager.png | conditions: оценка по яркости;CC BY 4.0;day
images/real/real_00102.jpg;T338CB42;type1a;0,0,142,83;0,0,142,0,142,83,0,83;1;0;AUTO.RIA Numberplate Options Dataset 2021-09-03 (Nomeroff Net), https://nomeroff.net.ua/datasets/ | 17089635-17089635--t338sv42-_Toyota_Corolla.png | conditions: оценка по яркости;CC BY 4.0;day
images/real/real_00103.jpg;Y757HA71;type1a;0,0,337,198;0,0,337,0,337,198,0,198;1;0;AUTO.RIA Numberplate Options Dataset 2021-09-03 (Nomeroff Net), https://nomeroff.net.ua/datasets/ | 17119722-17119722--u757na71-_Audi_A4.png | conditions: оценка по яркости;CC BY 4.0;day
images/real/real_00104.jpg;M911BX142;type1a;0,0,250,146;0,0,250,0,250,146,0,146;1;0;AUTO.RIA Numberplate Options Dataset 2021-09-03 (Nomeroff Net), https://nomeroff.net.ua/datasets/ | 17154352-17154352--m911vkh142-_Toyota_Passo.png | conditions: оценка по яркости;CC BY 4.0;day
images/real/real_00105.jpg;P609EA125;type1a;0,0,253,148;0,0,253,0,253,148,0,148;1;0;AUTO.RIA Numberplate Options Dataset 2021-09-03 (Nomeroff Net), https://nomeroff.net.ua/datasets/ | 17141382-17141382--r609ea125-_Mitsuoka_Galue.png | conditions: оценка по яркости;CC BY 4.0;day
images/real/real_00106.jpg;C714KP14;type1a;0,0,218,127;0,0,218,0,218,127,0,127;1;0;AUTO.RIA Numberplate Options Dataset 2021-09-03 (Nomeroff Net), https://nomeroff.net.ua/datasets/ | 17097230-17097230--s714kr14-_Toyota_RAV4.png | conditions: оценка по яркости;CC BY 4.0;day
images/real/real_00107.jpg;C773MX70;type1a;0,0,239,140;0,0,239,0,239,140,0,140;1;0;AUTO.RIA Numberplate Options Dataset 2021-09-03 (Nomeroff Net), https://nomeroff.net.ua/datasets/ | 17113913-17113913--s773mkh70-_Toyota_Harrier.png | conditions: оценка по яркости;CC BY 4.0;day
images/real/real_00108.jpg;H300OX25;type1a;0,0,126,73;0,0,126,0,126,73,0,73;1;0;AUTO.RIA Numberplate Options Dataset 2021-09-03 (Nomeroff Net), https://nomeroff.net.ua/datasets/ | 17177168-17177168--n300okh25-_Toyota_Land_Cruiser_Prado.png | conditions: оценка по яркости;CC BY 4.0;day
images/real/real_00109.jpg;E700TP126;type1a;0,0,171,100;0,0,171,0,171,100,0,100;1;0;AUTO.RIA Numberplate Options Dataset 2021-09-03 (Nomeroff Net), https://nomeroff.net.ua/datasets/ | 17209532-17209532--e700tr126-_Mercedes-Benz_Atego.png | conditions: оценка по яркости;CC BY 4.0;day
images/real/real_00110.jpg;H802OP125;type1a;0,0,134,78;0,0,134,0,134,78,0,78;1;0;AUTO.RIA Numberplate Options Dataset 2021-09-03 (Nomeroff Net), https://nomeroff.net.ua/datasets/ | 17111349-17111349--n802or125-_Toyota_Noah.png | conditions: оценка по яркости;CC BY 4.0;day
images/real/real_00111.jpg;X868BT142;type1a;0,0,196,114;0,0,196,0,196,114,0,114;1;0;AUTO.RIA Numberplate Options Dataset 2021-09-03 (Nomeroff Net), https://nomeroff.net.ua/datasets/ | 17141624-17141624--kh868vt142-_Toyota_Corona_Premio.png | conditions: оценка по яркости;CC BY 4.0;day
images/real/real_00112.jpg;O364TB47;type1a;0,0,141,82;0,0,141,0,141,82,0,82;1;0;AUTO.RIA Numberplate Options Dataset 2021-09-03 (Nomeroff Net), https://nomeroff.net.ua/datasets/ | 17159380-17159380--o364tv47-_Mitsubishi_Montero.png | conditions: оценка по яркости;CC BY 4.0;day
images/real/real_00113.jpg;T459TT38;type1a;0,0,437,256;0,0,437,0,437,256,0,256;1;0;AUTO.RIA Numberplate Options Dataset 2021-09-03 (Nomeroff Net), https://nomeroff.net.ua/datasets/ | 17175921-17175921--t459tt38-_Toyota_Mark_II.png | conditions: оценка по яркости;CC BY 4.0;day
images/real/real_00114.jpg;A950OX750;type1a;0,0,250,146;0,0,250,0,250,146,0,146;1;0;AUTO.RIA Numberplate Options Dataset 2021-09-03 (Nomeroff Net), https://nomeroff.net.ua/datasets/ | 17199320-17199320--a950okh750-_Nissan_Cube.png | conditions: оценка по яркости;CC BY 4.0;day
images/real/real_00115.jpg;K457YX159;type1a;0,0,248,145;0,0,248,0,248,145,0,145;1;0;AUTO.RIA Numberplate Options Dataset 2021-09-03 (Nomeroff Net), https://nomeroff.net.ua/datasets/ | 17162015-17162015--k457ukh159-_Toyota_Soarer.png | conditions: оценка по яркости;CC BY 4.0;day
images/real/real_00116.jpg;X055EH125;type1a;0,0,144,84;0,0,144,0,144,84,0,84;1;0;AUTO.RIA Numberplate Options Dataset 2021-09-03 (Nomeroff Net), https://nomeroff.net.ua/datasets/ | 17191955-17191955--kh055en125-_Toyota_Land_Cruiser_Prado.png | conditions: оценка по яркости;CC BY 4.0;day
images/real/real_00117.jpg;C008HY55;type1a;0,0,270,158;0,0,270,0,270,158,0,158;1;0;AUTO.RIA Numberplate Options Dataset 2021-09-03 (Nomeroff Net), https://nomeroff.net.ua/datasets/ | 17106313-17106313--s008nu55-_Toyota_Will_VS.png | conditions: оценка по яркости;CC BY 4.0;day
images/real/real_00118.jpg;A191TH125;type1a;0,0,198,116;0,0,198,0,198,116,0,116;1;0;AUTO.RIA Numberplate Options Dataset 2021-09-03 (Nomeroff Net), https://nomeroff.net.ua/datasets/ | 17202314-17202314--a191tn125-_Toyota_Isis.png | conditions: оценка по яркости;CC BY 4.0;day
images/real/real_00119.jpg;O250AE154;type1a;0,0,138,80;0,0,138,0,138,80,0,80;1;0;AUTO.RIA Numberplate Options Dataset 2021-09-03 (Nomeroff Net), https://nomeroff.net.ua/datasets/ | 17078314-17078314--o250ae154-_Suzuki_Alto.png | conditions: оценка по яркости;CC BY 4.0;day
images/real/real_00120.jpg;O811TH125;type1a;0,0,109,63;0,0,109,0,109,63,0,63;1;0;AUTO.RIA Numberplate Options Dataset 2021-09-03 (Nomeroff Net), https://nomeroff.net.ua/datasets/ | 17204331-17204331--o811tn125-_Nissan_Note.png | conditions: оценка по яркости;CC BY 4.0;day
images/real/real_00121.jpg;Y898TO38;type1a;0,0,287,168;0,0,287,0,287,168,0,168;1;0;AUTO.RIA Numberplate Options Dataset 2021-09-03 (Nomeroff Net), https://nomeroff.net.ua/datasets/ | 17194181-17194181--u898to38-_Toyota_Avensis.png | conditions: оценка по яркости;CC BY 4.0;day
images/real/real_00122.jpg;K927TC28;type1a;0,0,279,163;0,0,279,0,279,163,0,163;1;0;AUTO.RIA Numberplate Options Dataset 2021-09-03 (Nomeroff Net), https://nomeroff.net.ua/datasets/ | 17190279-17190279--k927ts28-_Toyota_Celica.png | conditions: оценка по яркости;CC BY 4.0;day
images/real/real_00123.jpg;P111YC123;type1a;0,0,211,124;0,0,211,0,211,124,0,124;1;0;AUTO.RIA Numberplate Options Dataset 2021-09-03 (Nomeroff Net), https://nomeroff.net.ua/datasets/ | 17164910-17164910--r111us123-_Mercedes-Benz_C-Klasse.png | conditions: оценка по яркости;CC BY 4.0;day
images/real/real_00124.jpg;Y159XE72;type1a;0,0,280,164;0,0,280,0,280,164,0,164;1;0;AUTO.RIA Numberplate Options Dataset 2021-09-03 (Nomeroff Net), https://nomeroff.net.ua/datasets/ | 17227985-17227985--u159khe72-_Dodge_Challenger.png | conditions: оценка по яркости;CC BY 4.0;day
images/real/real_00125.jpg;E709MP14;type1a;0,0,235,137;0,0,235,0,235,137,0,137;1;0;AUTO.RIA Numberplate Options Dataset 2021-09-03 (Nomeroff Net), https://nomeroff.net.ua/datasets/ | 17196513-17196513--e709mr14-_Toyota_Wish.png | conditions: оценка по яркости;CC BY 4.0;day
images/real/real_00126.jpg;T438TO71;type1a;0,0,298,175;0,0,298,0,298,175,0,175;1;0;AUTO.RIA Numberplate Options Dataset 2021-09-03 (Nomeroff Net), https://nomeroff.net.ua/datasets/ | 17180991-17180991--t438to71-_MG_Midget.png | conditions: оценка по яркости;CC BY 4.0;day
images/real/real_00127.jpg;E407BB193;type1a;0,0,287,168;0,0,287,0,287,168,0,168;1;0;AUTO.RIA Numberplate Options Dataset 2021-09-03 (Nomeroff Net), https://nomeroff.net.ua/datasets/ | 17078230-17078230--e407vv193-_Chevrolet_Bolt.png | conditions: оценка по яркости;CC BY 4.0;day
images/real/real_00128.jpg;X646XY125;type1a;0,0,199,117;0,0,199,0,199,117,0,117;1;0;AUTO.RIA Numberplate Options Dataset 2021-09-03 (Nomeroff Net), https://nomeroff.net.ua/datasets/ | 17081005-17081005--kh646khu125-_Nissan_Note.png | conditions: оценка по яркости;CC BY 4.0;day
images/real/real_00129.jpg;H181AK125;type1a;0,0,167,97;0,0,167,0,167,97,0,97;1;0;AUTO.RIA Numberplate Options Dataset 2021-09-03 (Nomeroff Net), https://nomeroff.net.ua/datasets/ | 17122407-17122407--n181ak125-_Toyota_Corolla_Fielder.png | conditions: оценка по яркости;CC BY 4.0;day
images/real/real_00130.jpg;A441BY60;type1a;0,0,201,118;0,0,201,0,201,118,0,118;1;0;AUTO.RIA Numberplate Options Dataset 2021-09-03 (Nomeroff Net), https://nomeroff.net.ua/datasets/ | 17086332-17086332--a441vu60-_Honda_CR-V.png | conditions: оценка по яркости;CC BY 4.0;day
images/real/real_00131.jpg;T943OE125;type1a;0,0,121,70;0,0,121,0,121,70,0,70;1;0;AUTO.RIA Numberplate Options Dataset 2021-09-03 (Nomeroff Net), https://nomeroff.net.ua/datasets/ | 17173841-17173841--t943oe125-_Nissan_Cube.png | conditions: оценка по яркости;CC BY 4.0;day
images/real/real_00132.jpg;A333KH38;type1a;0,0,374,219;0,0,374,0,374,219,0,219;1;0;AUTO.RIA Numberplate Options Dataset 2021-09-03 (Nomeroff Net), https://nomeroff.net.ua/datasets/ | 17162481-17162481--a333kn38-_Toyota_Corolla_Fielder.png | conditions: оценка по яркости;CC BY 4.0;day
images/real/real_00133.jpg;Y496XO27;type1a;0,0,158,92;0,0,158,0,158,92,0,92;1;0;AUTO.RIA Numberplate Options Dataset 2021-09-03 (Nomeroff Net), https://nomeroff.net.ua/datasets/ | 17151833-17151833--u496kho27-_Toyota_Crown.png | conditions: оценка по яркости;CC BY 4.0;day
images/real/real_00134.jpg;A895CT125;type1a;0,0,104,60;0,0,104,0,104,60,0,60;1;0;AUTO.RIA Numberplate Options Dataset 2021-09-03 (Nomeroff Net), https://nomeroff.net.ua/datasets/ | 17204899-17204899--a895st125-_Toyota_Succeed.png | conditions: оценка по яркости;CC BY 4.0;day
images/real/real_00135.jpg;C591MY125;type1a;0,0,121,70;0,0,121,0,121,70,0,70;1;0;AUTO.RIA Numberplate Options Dataset 2021-09-03 (Nomeroff Net), https://nomeroff.net.ua/datasets/ | 17153631-17153631--s591mu125-_Honda_Freed_Spike.png | conditions: оценка по яркости;CC BY 4.0;day
images/real/real_00136.jpg;O507OO22;type1a;0,0,204,119;0,0,204,0,204,119,0,119;1;0;AUTO.RIA Numberplate Options Dataset 2021-09-03 (Nomeroff Net), https://nomeroff.net.ua/datasets/ | 17119875-17119875--o507oo22-_Nissan_Cube.png | conditions: оценка по яркости;CC BY 4.0;day
images/real/real_00137.jpg;T602MM193;type1a;0,0,177,103;0,0,177,0,177,103,0,103;1;0;AUTO.RIA Numberplate Options Dataset 2021-09-03 (Nomeroff Net), https://nomeroff.net.ua/datasets/ | 17136405-17136405--t602mm193-_Honda_Stepwgn.png | conditions: оценка по яркости;CC BY 4.0;day
images/real/real_00138.jpg;K795CC28;type1a;0,0,109,63;0,0,109,0,109,63,0,63;1;0;AUTO.RIA Numberplate Options Dataset 2021-09-03 (Nomeroff Net), https://nomeroff.net.ua/datasets/ | 17198500-17198500--k795ss28-_Toyota_Brevis.png | conditions: оценка по яркости;CC BY 4.0;day
images/real/real_00139.jpg;P332AK198;type1a;0,0,208,122;0,0,208,0,208,122,0,122;1;0;AUTO.RIA Numberplate Options Dataset 2021-09-03 (Nomeroff Net), https://nomeroff.net.ua/datasets/ | 17139441-17139441--r332ak198-_Toyota_Mark_II.png | conditions: оценка по яркости;CC BY 4.0;day
images/real/real_00140.jpg;O299AX55;type1a;0,0,280,164;0,0,280,0,280,164,0,164;1;0;AUTO.RIA Numberplate Options Dataset 2021-09-03 (Nomeroff Net), https://nomeroff.net.ua/datasets/ | 17152039-17152039--o299akh55-_Toyota_Corolla.png | conditions: оценка по яркости;CC BY 4.0;day
images/real/real_00141.jpg;C282BC55;type1a;0,0,226,133;0,0,226,0,226,133,0,133;1;0;AUTO.RIA Numberplate Options Dataset 2021-09-03 (Nomeroff Net), https://nomeroff.net.ua/datasets/ | 17220542-17220542--s282vs55-_Toyota_Cresta.png | conditions: оценка по яркости;CC BY 4.0;day
images/real/real_00142.jpg;K572OX154;type1a;0,0,231,135;0,0,231,0,231,135,0,135;1;0;AUTO.RIA Numberplate Options Dataset 2021-09-03 (Nomeroff Net), https://nomeroff.net.ua/datasets/ | 17173383-17173383--k572okh154-_Mitsubishi_Pajero_Mini.png | conditions: оценка по яркости;CC BY 4.0;day
images/real/real_00143.jpg;A716PT51;type1a;0,0,274,160;0,0,274,0,274,160,0,160;1;0;AUTO.RIA Numberplate Options Dataset 2021-09-03 (Nomeroff Net), https://nomeroff.net.ua/datasets/ | 17128078-17128078--a716rt51-_Mazda_Demio.png | conditions: оценка по яркости;CC BY 4.0;day
images/real/real_00144.jpg;P322EK138;type1a;0,0,187,110;0,0,187,0,187,110,0,110;1;0;AUTO.RIA Numberplate Options Dataset 2021-09-03 (Nomeroff Net), https://nomeroff.net.ua/datasets/ | 17095445-17095445--r322ek138-_Toyota_Corolla_Fielder.png | conditions: оценка по яркости;CC BY 4.0;day
images/real/real_00145.jpg;B063KP763;type1a;0,0,232,136;0,0,232,0,232,136,0,136;1;0;AUTO.RIA Numberplate Options Dataset 2021-09-03 (Nomeroff Net), https://nomeroff.net.ua/datasets/ | 17167545-17167545--v063kr763-_Lada_(VAZ)_2106.png | conditions: оценка по яркости;CC BY 4.0;day
images/real/real_00146.jpg;H698XH73;type1a;0,0,114,66;0,0,114,0,114,66,0,66;1;0;AUTO.RIA Numberplate Options Dataset 2021-09-03 (Nomeroff Net), https://nomeroff.net.ua/datasets/ | 17090246-17090246--n698khn73-_Tesla_Model_S.png | conditions: оценка по яркости;CC BY 4.0;day
images/real/real_00147.jpg;A801PK93;type1a;0,0,210,123;0,0,210,0,210,123,0,123;1;0;AUTO.RIA Numberplate Options Dataset 2021-09-03 (Nomeroff Net), https://nomeroff.net.ua/datasets/ | 17087846-17087846--a801rk93-_Honda_Odyssey.png | conditions: оценка по яркости;CC BY 4.0;day
images/real/real_00148.jpg;E945HH28;type1a;0,0,199,116;0,0,199,0,199,116,0,116;1;0;AUTO.RIA Numberplate Options Dataset 2021-09-03 (Nomeroff Net), https://nomeroff.net.ua/datasets/ | 17224711-17224711--e945nn28-_Toyota_Corsa.png | conditions: оценка по яркости;CC BY 4.0;day
images/real/real_00149.jpg;B378EC702;type1a;0,0,120,70;0,0,120,0,120,70,0,70;1;0;AUTO.RIA Numberplate Options Dataset 2021-09-03 (Nomeroff Net), https://nomeroff.net.ua/datasets/ | 17107594-17107594--v378es702-_Toyota_Alphard.png | conditions: оценка по яркости;CC BY 4.0;day
images/real/real_00150.jpg;B720OB164;type1a;0,0,166,97;0,0,166,0,166,97,0,97;1;0;AUTO.RIA Numberplate Options Dataset 2021-09-03 (Nomeroff Net), https://nomeroff.net.ua/datasets/ | 17091541-17091541--v720ov164-_Lada_(VAZ)_2101.png | conditions: оценка по яркости;CC BY 4.0;day
images/real/real_00151.jpg;P958PO93;type1a;0,0,253,148;0,0,253,0,253,148,0,148;1;0;AUTO.RIA Numberplate Options Dataset 2021-09-03 (Nomeroff Net), https://nomeroff.net.ua/datasets/ | 17189729-17189729--r958ro93-_Nissan_Elgrand.png | conditions: оценка по яркости;CC BY 4.0;day
images/real/real_00152.jpg;H855TT78;type1a;0,0,319,187;0,0,319,0,319,187,0,187;1;0;AUTO.RIA Numberplate Options Dataset 2021-09-03 (Nomeroff Net), https://nomeroff.net.ua/datasets/ | 17202686-17202686--n855tt78-_Ford_Crown_Victoria.png | conditions: оценка по яркости;CC BY 4.0;day
images/real/real_00153.jpg;B788HT147;type1a;0,0,244,143;0,0,244,0,244,143,0,143;1;0;AUTO.RIA Numberplate Options Dataset 2021-09-03 (Nomeroff Net), https://nomeroff.net.ua/datasets/ | 17124317-17124317--v788nt147-_Scion_xB.png | conditions: оценка по яркости;CC BY 4.0;day
images/real/real_00154.jpg;B455MP76;type1a;0,0,190,111;0,0,190,0,190,111,0,111;1;0;AUTO.RIA Numberplate Options Dataset 2021-09-03 (Nomeroff Net), https://nomeroff.net.ua/datasets/ | 17136604-17136604--v455mr76-_GAZ_21_Volga.png | conditions: оценка по яркости;CC BY 4.0;day
images/real/real_00155.jpg;M390OH125;type1a;0,0,117,68;0,0,117,0,117,68,0,68;1;0;AUTO.RIA Numberplate Options Dataset 2021-09-03 (Nomeroff Net), https://nomeroff.net.ua/datasets/ | 17141580-17141580--m390on125-_Suzuki_Escudo.png | conditions: оценка по яркости;CC BY 4.0;day
images/real/real_00156.jpg;O349AE797;type1a;0,0,237,139;0,0,237,0,237,139,0,139;1;0;AUTO.RIA Numberplate Options Dataset 2021-09-03 (Nomeroff Net), https://nomeroff.net.ua/datasets/ | 17163779-17163779--o349ae797-_Chevrolet_Camaro.png | conditions: оценка по яркости;CC BY 4.0;day
images/real/real_00157.jpg;A823HX799;type1a;0,0,186,109;0,0,186,0,186,109,0,109;1;0;AUTO.RIA Numberplate Options Dataset 2021-09-03 (Nomeroff Net), https://nomeroff.net.ua/datasets/ | 17167641-17167641--a823nkh799-_Lada_(VAZ)_2101.png | conditions: оценка по яркости;CC BY 4.0;day
images/real/real_00158.jpg;M717OO71;type1a;0,0,130,76;0,0,130,0,130,76,0,76;1;0;AUTO.RIA Numberplate Options Dataset 2021-09-03 (Nomeroff Net), https://nomeroff.net.ua/datasets/ | 17223892-17223892--m717oo71-_Toyota_Land_Cruiser_Prado.png | conditions: оценка по яркости;CC BY 4.0;day
images/real/real_00159.jpg;A102MM125;type1a;0,0,226,132;0,0,226,0,226,132,0,132;1;0;AUTO.RIA Numberplate Options Dataset 2021-09-03 (Nomeroff Net), https://nomeroff.net.ua/datasets/ | 17160388-17160388--a102mm125-_Toyota_FJ_Cruiser.png | conditions: оценка по яркости;CC BY 4.0;day
images/real/real_00160.jpg;C854OE38;type1a;0,0,211,123;0,0,211,0,211,123,0,123;1;0;AUTO.RIA Numberplate Options Dataset 2021-09-03 (Nomeroff Net), https://nomeroff.net.ua/datasets/ | 17080102-17080102--s854oe38-_Toyota_Hiace_Regius.png | conditions: оценка по яркости;CC BY 4.0;day
images/real/real_00161.jpg;K018XB125;type1a;0,0,136,79;0,0,136,0,136,79,0,79;1;0;AUTO.RIA Numberplate Options Dataset 2021-09-03 (Nomeroff Net), https://nomeroff.net.ua/datasets/ | 17177174-17177174--k018khv125-_Nissan_Note.png | conditions: оценка по яркости;CC BY 4.0;day
images/real/real_00162.jpg;A205EH138;type1a;0,0,290,170;0,0,290,0,290,170,0,170;1;0;AUTO.RIA Numberplate Options Dataset 2021-09-03 (Nomeroff Net), https://nomeroff.net.ua/datasets/ | 17121742-17121742--a205en138-_Lada_(VAZ)_2105.png | conditions: оценка по яркости;CC BY 4.0;day
images/real/real_00163.jpg;A772KX125;type1a;0,0,107,62;0,0,107,0,107,62,0,62;1;0;AUTO.RIA Numberplate Options Dataset 2021-09-03 (Nomeroff Net), https://nomeroff.net.ua/datasets/ | 17229715-17229715--a772kkh125-_Toyota_Mark_II.png | conditions: оценка по яркости;CC BY 4.0;day
images/real/real_00164.jpg;Y238OC799;type1a;0,0,235,137;0,0,235,0,235,137,0,137;1;0;AUTO.RIA Numberplate Options Dataset 2021-09-03 (Nomeroff Net), https://nomeroff.net.ua/datasets/ | 17197224-17197224--u238os799-_Ford_Explorer.png | conditions: оценка по яркости;CC BY 4.0;day
images/real/real_00165.jpg;B691ET702;type1a;0,0,128,74;0,0,128,0,128,74,0,74;1;0;AUTO.RIA Numberplate Options Dataset 2021-09-03 (Nomeroff Net), https://nomeroff.net.ua/datasets/ | 17123689-17123689--v691et702-_Nissan_Leaf.png | conditions: оценка по яркости;CC BY 4.0;day
images/real/real_00166.jpg;O859TO58;type1a;0,0,225,131;0,0,225,0,225,131,0,131;1;0;AUTO.RIA Numberplate Options Dataset 2021-09-03 (Nomeroff Net), https://nomeroff.net.ua/datasets/ | 17142286-17142286--o859to58-_KIA_Sorento.png | conditions: оценка по яркости;CC BY 4.0;day
images/real/real_00167.jpg;B214XH702;type1a;0,0,143,83;0,0,143,0,143,83,0,83;1;0;AUTO.RIA Numberplate Options Dataset 2021-09-03 (Nomeroff Net), https://nomeroff.net.ua/datasets/ | 17225689-17225689--v214khn702-_Suzuki_Spacia.png | conditions: оценка по яркости;CC BY 4.0;day
images/real/real_00168.jpg;E960YO196;type1a;0,0,251,147;0,0,251,0,251,147,0,147;1;0;AUTO.RIA Numberplate Options Dataset 2021-09-03 (Nomeroff Net), https://nomeroff.net.ua/datasets/ | 17173125-17173125--e960uo196-_Chevrolet_Corvette.png | conditions: оценка по яркости;CC BY 4.0;day
images/real/real_00169.jpg;T924YE71;type1a;0,0,117,68;0,0,117,0,117,68,0,68;1;0;AUTO.RIA Numberplate Options Dataset 2021-09-03 (Nomeroff Net), https://nomeroff.net.ua/datasets/ | 17178066-17178066--t924ue71-_Nissan_Vanette.png | conditions: оценка по яркости;CC BY 4.0;day
images/real/real_00170.jpg;H371AO102;type1a;0,0,230,134;0,0,230,0,230,134,0,134;1;0;AUTO.RIA Numberplate Options Dataset 2021-09-03 (Nomeroff Net), https://nomeroff.net.ua/datasets/ | 17226996-17226996--n371ao102-_Lada_(VAZ)_2103.png | conditions: оценка по яркости;CC BY 4.0;day
images/real/real_00171.jpg;B171HH147;type1a;0,0,269,157;0,0,269,0,269,157,0,157;1;0;AUTO.RIA Numberplate Options Dataset 2021-09-03 (Nomeroff Net), https://nomeroff.net.ua/datasets/ | 17221478-17221478--v171nn147-_Mitsubishi_Galant.png | conditions: оценка по яркости;CC BY 4.0;day
images/real/real_00172.jpg;E770MB25;type1a;0,0,124,72;0,0,124,0,124,72,0,72;1;0;AUTO.RIA Numberplate Options Dataset 2021-09-03 (Nomeroff Net), https://nomeroff.net.ua/datasets/ | 17210755-17210755--e770mv25-_Mitsubishi_Pajero.png | conditions: оценка по яркости;CC BY 4.0;day
images/real/real_00173.jpg;O202XO102;type1a;0,0,250,146;0,0,250,0,250,146,0,146;1;0;AUTO.RIA Numberplate Options Dataset 2021-09-03 (Nomeroff Net), https://nomeroff.net.ua/datasets/ | 17160970-17160970--o202kho102-_Audi_A4.png | conditions: оценка по яркости;CC BY 4.0;day
images/real/real_00174.jpg;H185OH43;type1a;0,0,217,127;0,0,217,0,217,127,0,127;1;0;AUTO.RIA Numberplate Options Dataset 2021-09-03 (Nomeroff Net), https://nomeroff.net.ua/datasets/ | 17216940-17216940--n185on43-_Toyota_Mark_II.png | conditions: оценка по яркости;CC BY 4.0;day
images/real/real_00175.jpg;X750OA125;type1a;0,0,166,97;0,0,166,0,166,97,0,97;1;0;AUTO.RIA Numberplate Options Dataset 2021-09-03 (Nomeroff Net), https://nomeroff.net.ua/datasets/ | 17113419-17113419--kh750oa125-_Suzuki_SX4.png | conditions: оценка по яркости;CC BY 4.0;day
images/real/real_00176.jpg;B650KO702;type1a;0,0,190,111;0,0,190,0,190,111,0,111;1;0;AUTO.RIA Numberplate Options Dataset 2021-09-03 (Nomeroff Net), https://nomeroff.net.ua/datasets/ | 17210669-17210669--v650ko702-_Nissan_DAYZ.png | conditions: оценка по яркости;CC BY 4.0;day
images/real/real_00177.jpg;A908BP125;type1a;0,0,123,71;0,0,123,0,123,71,0,71;1;0;AUTO.RIA Numberplate Options Dataset 2021-09-03 (Nomeroff Net), https://nomeroff.net.ua/datasets/ | 17208280-17208280--a908vr125-_Suzuki_Escudo.png | conditions: оценка по яркости;CC BY 4.0;day
images/real/real_00178.jpg;X256TP102;type1a;0,0,180,105;0,0,180,0,180,105,0,105;1;0;AUTO.RIA Numberplate Options Dataset 2021-09-03 (Nomeroff Net), https://nomeroff.net.ua/datasets/ | 17106655-17106655--kh256tr102-_Lexus_GX.png | conditions: оценка по яркости;CC BY 4.0;day
images/real/real_00179.jpg;O141MO14;type1a;0,0,228,134;0,0,228,0,228,134,0,134;1;0;AUTO.RIA Numberplate Options Dataset 2021-09-03 (Nomeroff Net), https://nomeroff.net.ua/datasets/ | 17093073-17093073--o141mo14-_Lexus_LS.png | conditions: оценка по яркости;CC BY 4.0;day
images/real/real_00180.jpg;A001AP125;type1a;0,0,150,87;0,0,150,0,150,87,0,87;1;0;AUTO.RIA Numberplate Options Dataset 2021-09-03 (Nomeroff Net), https://nomeroff.net.ua/datasets/ | 17192309-17192309--a001ar125-_Toyota_C-HR.png | conditions: оценка по яркости;CC BY 4.0;day
images/real/real_00181.jpg;X744XK93;type1a;0,0,267,156;0,0,267,0,267,156,0,156;1;0;AUTO.RIA Numberplate Options Dataset 2021-09-03 (Nomeroff Net), https://nomeroff.net.ua/datasets/ | 17120914-17120914--kh744khk93-_Nissan_March.png | conditions: оценка по яркости;CC BY 4.0;day
images/real/real_00182.jpg;M332XY65;type1a;0,0,228,133;0,0,228,0,228,133,0,133;1;0;AUTO.RIA Numberplate Options Dataset 2021-09-03 (Nomeroff Net), https://nomeroff.net.ua/datasets/ | 17127290-17127290--m332khu65-_Toyota_Chaser.png | conditions: оценка по яркости;CC BY 4.0;day
images/real/real_00183.jpg;P484HK27;type1a;0,0,163,95;0,0,163,0,163,95,0,95;1;0;AUTO.RIA Numberplate Options Dataset 2021-09-03 (Nomeroff Net), https://nomeroff.net.ua/datasets/ | 17104722-17104722--r484nk27-_Honda_Shuttle.png | conditions: оценка по яркости;CC BY 4.0;day
images/real/real_00184.jpg;P759KH193;type1a;0,0,112,65;0,0,112,0,112,65,0,65;1;0;AUTO.RIA Numberplate Options Dataset 2021-09-03 (Nomeroff Net), https://nomeroff.net.ua/datasets/ | 17224698-17224698--r759kn193-_Toyota_Corona.png | conditions: оценка по яркости;CC BY 4.0;day
images/real/real_00185.jpg;O903ME198;type1a;0,0,240,140;0,0,240,0,240,140,0,140;1;0;AUTO.RIA Numberplate Options Dataset 2021-09-03 (Nomeroff Net), https://nomeroff.net.ua/datasets/ | 17172624-17172624--o903me198-_Toyota_Mark_II.png | conditions: оценка по яркости;CC BY 4.0;day
images/real/real_00186.jpg;X321YH02;type1a;0,0,150,88;0,0,150,0,150,88,0,88;1;0;AUTO.RIA Numberplate Options Dataset 2021-09-03 (Nomeroff Net), https://nomeroff.net.ua/datasets/ | 17108698-17108698--kh321un02-_GAZ_21_Volga.png | conditions: оценка по яркости;CC BY 4.0;day
images/real/real_00187.jpg;K708HM790;type1a;0,0,176,103;0,0,176,0,176,103,0,103;1;0;AUTO.RIA Numberplate Options Dataset 2021-09-03 (Nomeroff Net), https://nomeroff.net.ua/datasets/ | 17125937-17125937--k708nm790-_Toyota_Tank.png | conditions: оценка по яркости;CC BY 4.0;day
images/real/real_00188.jpg;E264MX125;type1a;0,0,185,108;0,0,185,0,185,108,0,108;1;0;AUTO.RIA Numberplate Options Dataset 2021-09-03 (Nomeroff Net), https://nomeroff.net.ua/datasets/ | 17135265-17135265--e264mkh125-_Mitsubishi_Pajero_iO.png | conditions: оценка по яркости;CC BY 4.0;day
images/real/real_00189.jpg;X689XX87;type1a;0,0,90,52;0,0,90,0,90,52,0,52;1;0;AUTO.RIA Numberplate Options Dataset 2021-09-03 (Nomeroff Net), https://nomeroff.net.ua/datasets/ | 17141533-17141533--kh689khkh87-_Toyota_Roomy.png | conditions: оценка по яркости;CC BY 4.0;day
images/real/real_00190.jpg;A988AY50;type1a;0,0,157,91;0,0,157,0,157,91,0,91;1;0;AUTO.RIA Numberplate Options Dataset 2021-09-03 (Nomeroff Net), https://nomeroff.net.ua/datasets/ | 17224733-17224733--a988au50-_Toyota_Crown.png | conditions: оценка по яркости;CC BY 4.0;day
images/real/real_00191.jpg;O108MO193;type1a;0,0,194,113;0,0,194,0,194,113,0,113;1;0;AUTO.RIA Numberplate Options Dataset 2021-09-03 (Nomeroff Net), https://nomeroff.net.ua/datasets/ | 17086424-17086424--o108mo193-_Volkswagen_Eos.png | conditions: оценка по яркости;CC BY 4.0;day
images/real/real_00192.jpg;E690EO702;type1a;0,0,153,89;0,0,153,0,153,89,0,89;1;0;AUTO.RIA Numberplate Options Dataset 2021-09-03 (Nomeroff Net), https://nomeroff.net.ua/datasets/ | 17140923-17140923--e690eo702-_Honda_Ridgeline.png | conditions: оценка по яркости;CC BY 4.0;day
images/real/real_00193.jpg;A069MO67;type1a;0,0,285,167;0,0,285,0,285,167,0,167;1;0;AUTO.RIA Numberplate Options Dataset 2021-09-03 (Nomeroff Net), https://nomeroff.net.ua/datasets/ | 17166367-17166367--a069mo67-_Nissan_Murano.png | conditions: оценка по яркости;CC BY 4.0;day
images/real/real_00194.jpg;A029BK49;type1a;0,0,136,79;0,0,136,0,136,79,0,79;1;0;AUTO.RIA Numberplate Options Dataset 2021-09-03 (Nomeroff Net), https://nomeroff.net.ua/datasets/ | 17230942-17230942--a029vk49-_Toyota_Crown.png | conditions: оценка по яркости;CC BY 4.0;day
images/real/real_00195.jpg;A843XM702;type1a;0,0,231,135;0,0,231,0,231,135,0,135;1;0;AUTO.RIA Numberplate Options Dataset 2021-09-03 (Nomeroff Net), https://nomeroff.net.ua/datasets/ | 17128368-17128368--a843khm702-_Honda_Civic_Ferio.png | conditions: оценка по яркости;CC BY 4.0;day
images/real/real_00196.jpg;E892AP125;type1a;0,0,133,77;0,0,133,0,133,77,0,77;1;0;AUTO.RIA Numberplate Options Dataset 2021-09-03 (Nomeroff Net), https://nomeroff.net.ua/datasets/ | 17117769-17117769--e892ar125-_Toyota_Land_Cruiser_Prado.png | conditions: оценка по яркости;CC BY 4.0;day
images/real/real_00197.jpg;A979CM702;type1a;0,0,216,126;0,0,216,0,216,126,0,126;1;0;AUTO.RIA Numberplate Options Dataset 2021-09-03 (Nomeroff Net), https://nomeroff.net.ua/datasets/ | 17126222-17126222--a979sm702-_Toyota_Blade.png | conditions: оценка по яркости;CC BY 4.0;day
images/real/real_00198.jpg;A798AC193;type1a;0,0,235,137;0,0,235,0,235,137,0,137;1;0;AUTO.RIA Numberplate Options Dataset 2021-09-03 (Nomeroff Net), https://nomeroff.net.ua/datasets/ | 17087442-17087442--a798as193-_Mitsubishi_Pajero.png | conditions: оценка по яркости;CC BY 4.0;day
images/real/real_00199.jpg;H251XB125;type1a;0,0,144,84;0,0,144,0,144,84,0,84;1;0;AUTO.RIA Numberplate Options Dataset 2021-09-03 (Nomeroff Net), https://nomeroff.net.ua/datasets/ | 17201772-17201772--n251khv125-_Honda_Jazz.png | conditions: оценка по яркости;CC BY 4.0;day
images/real/real_00200.jpg;E785ME123;type1a;0,0,389,228;0,0,389,0,389,228,0,228;1;0;AUTO.RIA Numberplate Options Dataset 2021-09-03 (Nomeroff Net), https://nomeroff.net.ua/datasets/ | 17161868-17161868--e785me123-_Toyota_Caldina.png | conditions: оценка по яркости;CC BY 4.0;day
images/real/real_00201.jpg;O224TA125;type1a;0,0,265,155;0,0,265,0,265,155,0,155;1;0;AUTO.RIA Numberplate Options Dataset 2021-09-03 (Nomeroff Net), https://nomeroff.net.ua/datasets/ | 17085598-17085598--o224ta125-_Suzuki_Alto.png | conditions: оценка по яркости;CC BY 4.0;day
images/real/real_00202.jpg;M132BC25;type1a;0,0,226,132;0,0,226,0,226,132,0,132;1;0;AUTO.RIA Numberplate Options Dataset 2021-09-03 (Nomeroff Net), https://nomeroff.net.ua/datasets/ | 17139855-17139855--m132vs25-_Nissan_Terrano.png | conditions: оценка по яркости;CC BY 4.0;day
images/real/real_00203.jpg;O014HO198;type1a;0,0,113,66;0,0,113,0,113,66,0,66;1;0;AUTO.RIA Numberplate Options Dataset 2021-09-03 (Nomeroff Net), https://nomeroff.net.ua/datasets/ | 17128787-17128787--o014no198-_Pontiac_Grand_Am.png | conditions: оценка по яркости;CC BY 4.0;day
images/real/real_00204.jpg;E218HE702;type1a;0,0,226,132;0,0,226,0,226,132,0,132;1;0;AUTO.RIA Numberplate Options Dataset 2021-09-03 (Nomeroff Net), https://nomeroff.net.ua/datasets/ | 17161448-17161448--e218ne702-_Nissan_Leaf.png | conditions: оценка по яркости;CC BY 4.0;day
images/real/real_00205.jpg;X021AA65;type1a;0,0,296,173;0,0,296,0,296,173,0,173;1;0;AUTO.RIA Numberplate Options Dataset 2021-09-03 (Nomeroff Net), https://nomeroff.net.ua/datasets/ | 17120096-17120096--kh021aa65-_GAZ_21_Volga.png | conditions: оценка по яркости;CC BY 4.0;day
images/real/real_00206.jpg;O970YP150;type1a;0,0,183,107;0,0,183,0,183,107,0,107;1;0;AUTO.RIA Numberplate Options Dataset 2021-09-03 (Nomeroff Net), https://nomeroff.net.ua/datasets/ | 17130357-17130357--o970ur150-_Toyota_Alphard.png | conditions: оценка по яркости;CC BY 4.0;day
images/real/real_00207.jpg;B084TO763;type1a;0,0,337,197;0,0,337,0,337,197,0,197;1;0;AUTO.RIA Numberplate Options Dataset 2021-09-03 (Nomeroff Net), https://nomeroff.net.ua/datasets/ | 17134443-17134443--v084to763-_Mitsubishi_Montero.png | conditions: оценка по яркости;CC BY 4.0;day
images/real/real_00208.jpg;K979MH777;type1a;0,0,245,143;0,0,245,0,245,143,0,143;1;0;AUTO.RIA Numberplate Options Dataset 2021-09-03 (Nomeroff Net), https://nomeroff.net.ua/datasets/ | 17164711-17164711--k979mn777-_Mitsubishi_Pajero.png | conditions: оценка по яркости;CC BY 4.0;day
images/real/real_00209.jpg;M321AO193;type1a;0,0,185,108;0,0,185,0,185,108,0,108;1;0;AUTO.RIA Numberplate Options Dataset 2021-09-03 (Nomeroff Net), https://nomeroff.net.ua/datasets/ | 17097136-17097136--m321ao193-_Mitsubishi_Lancer_Evolution.png | conditions: оценка по яркости;CC BY 4.0;day
images/real/real_00210.jpg;K484EK125;type1a;0,0,116,67;0,0,116,0,116,67,0,67;1;0;AUTO.RIA Numberplate Options Dataset 2021-09-03 (Nomeroff Net), https://nomeroff.net.ua/datasets/ | 17104679-17104679--k484ek125-_Toyota_Land_Cruiser_Prado.png | conditions: оценка по яркости;CC BY 4.0;day
images/real/real_00211.jpg;M747HT71;type1a;0,0,294,172;0,0,294,0,294,172,0,172;1;0;AUTO.RIA Numberplate Options Dataset 2021-09-03 (Nomeroff Net), https://nomeroff.net.ua/datasets/ | 17202421-17202421--m747nt71-_Toyota_bB.png | conditions: оценка по яркости;CC BY 4.0;day
images/real/real_00212.jpg;P442PO93;type1a;0,0,252,148;0,0,252,0,252,148,0,148;1;0;AUTO.RIA Numberplate Options Dataset 2021-09-03 (Nomeroff Net), https://nomeroff.net.ua/datasets/ | 17120955-17120955--r442ro93-_Nissan_Laurel.png | conditions: оценка по яркости;CC BY 4.0;day
images/real/real_00213.jpg;H233AX125;type1a;0,0,148,86;0,0,148,0,148,86,0,86;1;0;AUTO.RIA Numberplate Options Dataset 2021-09-03 (Nomeroff Net), https://nomeroff.net.ua/datasets/ | 17147629-17147629--n233akh125-_Suzuki_Escudo.png | conditions: оценка по яркости;CC BY 4.0;day
images/real/real_00214.jpg;H063OY799;type1a;0,0,168,98;0,0,168,0,168,98,0,98;1;0;AUTO.RIA Numberplate Options Dataset 2021-09-03 (Nomeroff Net), https://nomeroff.net.ua/datasets/ | 17166473-17166473--n063ou799-_Ford_Explorer.png | conditions: оценка по яркости;CC BY 4.0;day
images/real/real_00215.jpg;X434BO25;type1a;0,0,111,64;0,0,111,0,111,64,0,64;1;0;AUTO.RIA Numberplate Options Dataset 2021-09-03 (Nomeroff Net), https://nomeroff.net.ua/datasets/ | 17198530-17198530--kh434vo25-_Mitsubishi_Pajero.png | conditions: оценка по яркости;CC BY 4.0;day
images/real/real_00216.jpg;X220XT125;type1a;0,0,165,96;0,0,165,0,165,96,0,96;1;0;AUTO.RIA Numberplate Options Dataset 2021-09-03 (Nomeroff Net), https://nomeroff.net.ua/datasets/ | 17112855-17112855--kh220kht125-_Toyota_Aqua.png | conditions: оценка по яркости;CC BY 4.0;day
images/real/real_00217.jpg;H166AC154;type1a;0,0,239,140;0,0,239,0,239,140,0,140;1;0;AUTO.RIA Numberplate Options Dataset 2021-09-03 (Nomeroff Net), https://nomeroff.net.ua/datasets/ | 17223459-17223459--n166as154-_Mitsubishi_Lancer_Evolution.png | conditions: оценка по яркости;CC BY 4.0;day
images/real/real_00218.jpg;A049BH790;type1a;0,0,185,108;0,0,185,0,185,108,0,108;1;0;AUTO.RIA Numberplate Options Dataset 2021-09-03 (Nomeroff Net), https://nomeroff.net.ua/datasets/ | 17201468-17201468--a049vn790-_Ford_Aerostar.png | conditions: оценка по яркости;CC BY 4.0;day
images/real/real_00219.jpg;H373CC25;type1a;0,0,282,165;0,0,282,0,282,165,0,165;1;0;AUTO.RIA Numberplate Options Dataset 2021-09-03 (Nomeroff Net), https://nomeroff.net.ua/datasets/ | 17208901-17208901--n373ss25-_Nissan_Largo.png | conditions: оценка по яркости;CC BY 4.0;day
images/real/real_00220.jpg;H092TA125;type1a;0,0,179,104;0,0,179,0,179,104,0,104;1;0;AUTO.RIA Numberplate Options Dataset 2021-09-03 (Nomeroff Net), https://nomeroff.net.ua/datasets/ | 17119787-17119787--n092ta125-_Toyota_Wish.png | conditions: оценка по яркости;CC BY 4.0;day
images/real/real_00221.jpg;B315BB03;type1a;0,0,199,116;0,0,199,0,199,116,0,116;1;0;AUTO.RIA Numberplate Options Dataset 2021-09-03 (Nomeroff Net), https://nomeroff.net.ua/datasets/ | 17077393-17077393--v315vv03-_Toyota_Supra.png | conditions: оценка по яркости;CC BY 4.0;day
images/real/real_00222.jpg;P703HK27;type1a;0,0,133,77;0,0,133,0,133,77,0,77;1;0;AUTO.RIA Numberplate Options Dataset 2021-09-03 (Nomeroff Net), https://nomeroff.net.ua/datasets/ | 17134870-17134870--r703nk27-_Toyota_Wish.png | conditions: оценка по яркости;CC BY 4.0;day
images/real/real_00223.jpg;M200KE82;type1a;0,0,218,128;0,0,218,0,218,128,0,128;1;0;AUTO.RIA Numberplate Options Dataset 2021-09-03 (Nomeroff Net), https://nomeroff.net.ua/datasets/ | 17137490-17137490--m200ke82-_Pontiac_Solstice.png | conditions: оценка по яркости;CC BY 4.0;day
images/real/real_00224.jpg;X849HB30;type1a;0,0,235,137;0,0,235,0,235,137,0,137;1;0;AUTO.RIA Numberplate Options Dataset 2021-09-03 (Nomeroff Net), https://nomeroff.net.ua/datasets/ | 17177306-17177306--kh849nv30-_Suzuki_Spacia.png | conditions: оценка по яркости;CC BY 4.0;day
images/real/real_00225.jpg;B953PA125;type1a;0,0,119,69;0,0,119,0,119,69,0,69;1;0;AUTO.RIA Numberplate Options Dataset 2021-09-03 (Nomeroff Net), https://nomeroff.net.ua/datasets/ | 17224773-17224773--v953ra125-_Toyota_RAV4.png | conditions: оценка по яркости;CC BY 4.0;day
images/real/real_00226.jpg;O039AB154;type1a;0,0,220,129;0,0,220,0,220,129,0,129;1;0;AUTO.RIA Numberplate Options Dataset 2021-09-03 (Nomeroff Net), https://nomeroff.net.ua/datasets/ | 17206409-17206409--o039av154-_Lincoln_Navigator.png | conditions: оценка по яркости;CC BY 4.0;day
images/real/real_00227.jpg;K640PC54;type1a;0,0,214,125;0,0,214,0,214,125,0,125;1;0;AUTO.RIA Numberplate Options Dataset 2021-09-03 (Nomeroff Net), https://nomeroff.net.ua/datasets/ | 17135768-17135768--k640rs54-_Toyota_Vista_Ardeo.png | conditions: оценка по яркости;CC BY 4.0;day
images/real/real_00228.jpg;E319AC47;type1a;0,0,317,186;0,0,317,0,317,186,0,186;1;0;AUTO.RIA Numberplate Options Dataset 2021-09-03 (Nomeroff Net), https://nomeroff.net.ua/datasets/ | 17155580-17155580--e319as47-_Chevrolet_Lumina.png | conditions: оценка по яркости;CC BY 4.0;day
images/real/real_00229.jpg;E357PT716;type1a;0,0,260,152;0,0,260,0,260,152,0,152;1;0;AUTO.RIA Numberplate Options Dataset 2021-09-03 (Nomeroff Net), https://nomeroff.net.ua/datasets/ | 17120753-17120753--e357rt716-_Nissan_Cube.png | conditions: оценка по яркости;CC BY 4.0;day
images/real/real_00230.jpg;E246TB125;type1a;0,0,112,65;0,0,112,0,112,65,0,65;1;0;AUTO.RIA Numberplate Options Dataset 2021-09-03 (Nomeroff Net), https://nomeroff.net.ua/datasets/ | 17177162-17177162--e246tv125-_Toyota_RAV4.png | conditions: оценка по яркости;CC BY 4.0;day
images/real/real_00231.jpg;O480OK47;type1a;0,0,204,119;0,0,204,0,204,119,0,119;1;0;AUTO.RIA Numberplate Options Dataset 2021-09-03 (Nomeroff Net), https://nomeroff.net.ua/datasets/ | 17181112-17181112--o480ok47-_Daihatsu_Esse.png | conditions: оценка по яркости;CC BY 4.0;day
images/real/real_00232.jpg;O523KA198;type1a;0,0,196,115;0,0,196,0,196,115,0,115;1;0;AUTO.RIA Numberplate Options Dataset 2021-09-03 (Nomeroff Net), https://nomeroff.net.ua/datasets/ | 17202968-17202968--o523ka198-_Dodge_Challenger.png | conditions: оценка по яркости;CC BY 4.0;day
images/real/real_00233.jpg;X331XM02;type1a;0,0,183,107;0,0,183,0,183,107,0,107;1;0;AUTO.RIA Numberplate Options Dataset 2021-09-03 (Nomeroff Net), https://nomeroff.net.ua/datasets/ | 17114781-17114781--kh331khm02-_Volkswagen_Touareg.png | conditions: оценка по яркости;CC BY 4.0;day
images/real/real_00234.jpg;M622YO75;type1a;0,0,232,136;0,0,232,0,232,136,0,136;1;0;AUTO.RIA Numberplate Options Dataset 2021-09-03 (Nomeroff Net), https://nomeroff.net.ua/datasets/ | 17195688-17195688--m622uo75-_Toyota_Prius.png | conditions: оценка по яркости;CC BY 4.0;day
images/real/real_00235.jpg;P377HK27;type1a;0,0,148,86;0,0,148,0,148,86,0,86;1;0;AUTO.RIA Numberplate Options Dataset 2021-09-03 (Nomeroff Net), https://nomeroff.net.ua/datasets/ | 17224390-17224390--r377nk27-_Subaru_Levorg.png | conditions: оценка по яркости;CC BY 4.0;day
images/real/real_00236.jpg;C987HM57;type1a;0,0,163,95;0,0,163,0,163,95,0,95;1;0;AUTO.RIA Numberplate Options Dataset 2021-09-03 (Nomeroff Net), https://nomeroff.net.ua/datasets/ | 17201961-17201961--s987nm57-_Nissan_Cube.png | conditions: оценка по яркости;CC BY 4.0;day
images/real/real_00237.jpg;M690TP123;type1a;0,0,164,96;0,0,164,0,164,96,0,96;1;0;AUTO.RIA Numberplate Options Dataset 2021-09-03 (Nomeroff Net), https://nomeroff.net.ua/datasets/ | 17141037-17141037--m690tr123-_Mitsubishi_Pajero_Mini.png | conditions: оценка по яркости;CC BY 4.0;day
images/real/real_00238.jpg;A553MC14;type1a;0,0,356,209;0,0,356,0,356,209,0,209;1;0;AUTO.RIA Numberplate Options Dataset 2021-09-03 (Nomeroff Net), https://nomeroff.net.ua/datasets/ | 17099878-17099878--a553ms14-_Toyota_Avensis.png | conditions: оценка по яркости;CC BY 4.0;day
images/real/real_00239.jpg;A420EK797;type1a;0,0,221,129;0,0,221,0,221,129,0,129;1;0;AUTO.RIA Numberplate Options Dataset 2021-09-03 (Nomeroff Net), https://nomeroff.net.ua/datasets/ | 17190465-17190465--a420ek797-_Tesla_Model_3.png | conditions: оценка по яркости;CC BY 4.0;day
images/real/real_00240.jpg;A001YY177;type1a;0,0,254,149;0,0,254,0,254,149,0,149;1;0;AUTO.RIA Numberplate Options Dataset 2021-09-03 (Nomeroff Net), https://nomeroff.net.ua/datasets/ | 17102928-17102928--a001uu177-_Cadillac_DeVille.png | conditions: оценка по яркости;CC BY 4.0;day
images/real/real_00241.jpg;H962MM142;type1a;0,0,228,133;0,0,228,0,228,133,0,133;1;0;AUTO.RIA Numberplate Options Dataset 2021-09-03 (Nomeroff Net), https://nomeroff.net.ua/datasets/ | 17135472-17135472--n962mm142-_Haval_Jolion.png | conditions: оценка по яркости;CC BY 4.0;day
images/real/real_00242.jpg;H780TX68;type1a;0,0,160,94;0,0,160,0,160,94,0,94;1;0;AUTO.RIA Numberplate Options Dataset 2021-09-03 (Nomeroff Net), https://nomeroff.net.ua/datasets/ | 17221100-17221100--n780tkh68-_Toyota_Windom.png | conditions: оценка по яркости;CC BY 4.0;day
images/real/real_00243.jpg;A787TH102;type1a;0,0,179,104;0,0,179,0,179,104,0,104;1;0;AUTO.RIA Numberplate Options Dataset 2021-09-03 (Nomeroff Net), https://nomeroff.net.ua/datasets/ | 17142421-17142421--a787tn102-_BMW_3_Series.png | conditions: оценка по яркости;CC BY 4.0;day
images/real/real_00244.jpg;K623BO82;type1a;0,0,204,119;0,0,204,0,204,119,0,119;1;0;AUTO.RIA Numberplate Options Dataset 2021-09-03 (Nomeroff Net), https://nomeroff.net.ua/datasets/ | 17181504-17181504--k623vo82-_Honda_Stepwgn.png | conditions: оценка по яркости;CC BY 4.0;day
images/real/real_00245.jpg;X725HC125;type1a;0,0,153,89;0,0,153,0,153,89,0,89;1;0;AUTO.RIA Numberplate Options Dataset 2021-09-03 (Nomeroff Net), https://nomeroff.net.ua/datasets/ | 17077723-17077723--kh725ns125-_Suzuki_Hustler.png | conditions: оценка по яркости;CC BY 4.0;day
images/real/real_00246.jpg;B727MH37;type1a;0,0,196,114;0,0,196,0,196,114,0,114;1;0;AUTO.RIA Numberplate Options Dataset 2021-09-03 (Nomeroff Net), https://nomeroff.net.ua/datasets/ | 17092435-17092435--v727mn37-_Honda_Stepwgn.png | conditions: оценка по яркости;CC BY 4.0;day
images/real/real_00247.jpg;E093MB702;type1a;0,0,158,92;0,0,158,0,158,92,0,92;1;0;AUTO.RIA Numberplate Options Dataset 2021-09-03 (Nomeroff Net), https://nomeroff.net.ua/datasets/ | 17083579-17083579--e093mv702-_Toyota_Isis.png | conditions: оценка по яркости;CC BY 4.0;day
images/real/real_00248.jpg;Y856HC125;type1a;0,0,117,68;0,0,117,0,117,68,0,68;1;0;AUTO.RIA Numberplate Options Dataset 2021-09-03 (Nomeroff Net), https://nomeroff.net.ua/datasets/ | 17166978-17166978--u856ns125-_Toyota_Succeed.png | conditions: оценка по яркости;CC BY 4.0;day
images/real/real_00249.jpg;A808BO102;type1a;0,0,184,107;0,0,184,0,184,107,0,107;1;0;AUTO.RIA Numberplate Options Dataset 2021-09-03 (Nomeroff Net), https://nomeroff.net.ua/datasets/ | 17162446-17162446--a808vo102-_Nissan_Wingroad.png | conditions: оценка по яркости;CC BY 4.0;day
images/real/real_00250.jpg;O474BB193;type1a;0,0,195,114;0,0,195,0,195,114,0,114;1;0;AUTO.RIA Numberplate Options Dataset 2021-09-03 (Nomeroff Net), https://nomeroff.net.ua/datasets/ | 17092715-17092715--o474vv193-_Honda_N-WGN.png | conditions: оценка по яркости;CC BY 4.0;day
images/real/real_00251.jpg;H970TM125;type1a;0,0,92,53;0,0,92,0,92,53,0,53;1;0;AUTO.RIA Numberplate Options Dataset 2021-09-03 (Nomeroff Net), https://nomeroff.net.ua/datasets/ | 17146594-17146594--n970tm125-_Honda_Fit.png | conditions: оценка по яркости;CC BY 4.0;day
images/real/real_00252.jpg;O244TA197;type1a;0,0,225,131;0,0,225,0,225,131,0,131;1;0;AUTO.RIA Numberplate Options Dataset 2021-09-03 (Nomeroff Net), https://nomeroff.net.ua/datasets/ | 17137166-17137166--o244ta197-_Honda_Civic.png | conditions: оценка по яркости;CC BY 4.0;day
images/real/real_00253.jpg;X600AY102;type1a;0,0,174,101;0,0,174,0,174,101,0,101;1;0;AUTO.RIA Numberplate Options Dataset 2021-09-03 (Nomeroff Net), https://nomeroff.net.ua/datasets/ | 17107083-17107083--kh600au102-_Subaru_Legacy.png | conditions: оценка по яркости;CC BY 4.0;day
images/real/real_00254.jpg;K978OX28;type1a;0,0,292,171;0,0,292,0,292,171,0,171;1;0;AUTO.RIA Numberplate Options Dataset 2021-09-03 (Nomeroff Net), https://nomeroff.net.ua/datasets/ | 17165281-17165281--k978okh28-_Toyota_Prius_#U03b1.png | conditions: оценка по яркости;CC BY 4.0;day
images/real/real_00255.jpg;T109HB178;type1a;0,0,176,103;0,0,176,0,176,103,0,103;1;0;AUTO.RIA Numberplate Options Dataset 2021-09-03 (Nomeroff Net), https://nomeroff.net.ua/datasets/ | 17169448-17169448--t109nv178-_Mercedes-Benz_S-Klasse.png | conditions: оценка по яркости;CC BY 4.0;day
images/real/real_00256.jpg;M182PX70;type1a;0,0,280,164;0,0,280,0,280,164,0,164;1;0;AUTO.RIA Numberplate Options Dataset 2021-09-03 (Nomeroff Net), https://nomeroff.net.ua/datasets/ | 17120038-17120038--m182rkh70-_Toyota_Mark_II.png | conditions: оценка по яркости;CC BY 4.0;night
images/real/real_00257.jpg;O733OH125;type1a;0,0,160,93;0,0,160,0,160,93,0,93;1;0;AUTO.RIA Numberplate Options Dataset 2021-09-03 (Nomeroff Net), https://nomeroff.net.ua/datasets/ | 17191962-17191962--o733on125-_Toyota_Corolla_Axio.png | conditions: оценка по яркости;CC BY 4.0;day
images/real/real_00258.jpg;T008AT750;type1a;0,0,321,188;0,0,321,0,321,188,0,188;1;0;AUTO.RIA Numberplate Options Dataset 2021-09-03 (Nomeroff Net), https://nomeroff.net.ua/datasets/ | 17159754-17159754--t008at750-_Ford_Mustang.png | conditions: оценка по яркости;CC BY 4.0;day
images/real/real_00259.jpg;C102PO72;type1a;0,0,245,143;0,0,245,0,245,143,0,143;1;0;AUTO.RIA Numberplate Options Dataset 2021-09-03 (Nomeroff Net), https://nomeroff.net.ua/datasets/ | 17136188-17136188--s102ro72-_Suzuki_Grand_Vitara.png | conditions: оценка по яркости;CC BY 4.0;day
images/real/real_00260.jpg;Y888AO142;type1a;0,0,231,135;0,0,231,0,231,135,0,135;1;0;AUTO.RIA Numberplate Options Dataset 2021-09-03 (Nomeroff Net), https://nomeroff.net.ua/datasets/ | 17079937-17079937--u888ao142-_Toyota_Corolla.png | conditions: оценка по яркости;CC BY 4.0;day
images/real/real_00261.jpg;X081KC125;type1a;0,0,150,87;0,0,150,0,150,87,0,87;1;0;AUTO.RIA Numberplate Options Dataset 2021-09-03 (Nomeroff Net), https://nomeroff.net.ua/datasets/ | 17120464-17120464--kh081ks125-_Toyota_Crown.png | conditions: оценка по яркости;CC BY 4.0;day
images/real/real_00262.jpg;O969EE761;type1a;0,0,254,149;0,0,254,0,254,149,0,149;1;0;AUTO.RIA Numberplate Options Dataset 2021-09-03 (Nomeroff Net), https://nomeroff.net.ua/datasets/ | 17146457-17146457--o969ee761-_Lexus_IS.png | conditions: оценка по яркости;CC BY 4.0;day
images/real/real_00263.jpg;Y653EO797;type1a;0,0,194,113;0,0,194,0,194,113,0,113;1;0;AUTO.RIA Numberplate Options Dataset 2021-09-03 (Nomeroff Net), https://nomeroff.net.ua/datasets/ | 17125064-17125064--u653eo797-_Dodge_Challenger.png | conditions: оценка по яркости;CC BY 4.0;day
images/real/real_00264.jpg;B017TO750;type1a;0,0,230,135;0,0,230,0,230,135,0,135;1;0;AUTO.RIA Numberplate Options Dataset 2021-09-03 (Nomeroff Net), https://nomeroff.net.ua/datasets/ | 17118432-17118432--v017to750-_BMW_Z3.png | conditions: оценка по яркости;CC BY 4.0;day
images/real/real_00265.jpg;T991HB30;type1a;0,0,138,80;0,0,138,0,138,80,0,80;1;0;AUTO.RIA Numberplate Options Dataset 2021-09-03 (Nomeroff Net), https://nomeroff.net.ua/datasets/ | 17177298-17177298--t991nv30-_Toyota_Alphard.png | conditions: оценка по яркости;CC BY 4.0;day
images/real/real_00266.jpg;B556EM702;type1a;0,0,186,109;0,0,186,0,186,109,0,109;1;0;AUTO.RIA Numberplate Options Dataset 2021-09-03 (Nomeroff Net), https://nomeroff.net.ua/datasets/ | 17174206-17174206--v556em702-_Chery_Tiggo_8_Pro.png | conditions: оценка по яркости;CC BY 4.0;day
images/real/real_00267.jpg;H626XE73;type1a;0,0,340,199;0,0,340,0,340,199,0,199;1;0;AUTO.RIA Numberplate Options Dataset 2021-09-03 (Nomeroff Net), https://nomeroff.net.ua/datasets/ | 17134660-17134660--n626khe73-_Toyota_Corolla.png | conditions: оценка по яркости;CC BY 4.0;day
images/real/real_00268.jpg;B646KX147;type1a;0,0,276,162;0,0,276,0,276,162,0,162;1;0;AUTO.RIA Numberplate Options Dataset 2021-09-03 (Nomeroff Net), https://nomeroff.net.ua/datasets/ | 17103685-17103685--v646kkh147-_Daihatsu_Mira_e:S.png | conditions: оценка по яркости;CC BY 4.0;day
images/real/real_00269.jpg;A450XT198;type1a;0,0,117,68;0,0,117,0,117,68,0,68;1;0;AUTO.RIA Numberplate Options Dataset 2021-09-03 (Nomeroff Net), https://nomeroff.net.ua/datasets/ | 17079075-17079075--a450kht198-_Toyota_Prius_#U03b1.png | conditions: оценка по яркости;CC BY 4.0;day
images/real/real_00270.jpg;E911KB14;type1a;0,0,203,119;0,0,203,0,203,119,0,119;1;0;AUTO.RIA Numberplate Options Dataset 2021-09-03 (Nomeroff Net), https://nomeroff.net.ua/datasets/ | 17187477-17187477--e911kv14-_Nissan_March.png | conditions: оценка по яркости;CC BY 4.0;day
images/real/real_00271.jpg;Y737OK125;type1a;0,0,131,76;0,0,131,0,131,76,0,76;1;0;AUTO.RIA Numberplate Options Dataset 2021-09-03 (Nomeroff Net), https://nomeroff.net.ua/datasets/ | 17117755-17117755--u737ok125-_Volvo_FM.png | conditions: оценка по яркости;CC BY 4.0;day
images/real/real_00272.jpg;E363MT77;type1a;0,0,206,120;0,0,206,0,206,120,0,120;1;0;AUTO.RIA Numberplate Options Dataset 2021-09-03 (Nomeroff Net), https://nomeroff.net.ua/datasets/ | 17155162-17155162--e363mt77-_Mitsubishi_Eclipse.png | conditions: оценка по яркости;CC BY 4.0;day
images/real/real_00273.jpg;O562KB199;type1a;0,0,181,106;0,0,181,0,181,106,0,106;1;0;AUTO.RIA Numberplate Options Dataset 2021-09-03 (Nomeroff Net), https://nomeroff.net.ua/datasets/ | 17220761-17220761--o562kv199-_Nissan_Silvia.png | conditions: оценка по яркости;CC BY 4.0;day
images/real/real_00274.jpg;H654XH63;type1a;0,0,291,170;0,0,291,0,291,170,0,170;1;0;AUTO.RIA Numberplate Options Dataset 2021-09-03 (Nomeroff Net), https://nomeroff.net.ua/datasets/ | 17090153-17090153--n654khn63-_Honda_Civic_Ferio.png | conditions: оценка по яркости;CC BY 4.0;day
images/real/real_00275.jpg;P612HK27;type1a;0,0,179,104;0,0,179,0,179,104,0,104;1;0;AUTO.RIA Numberplate Options Dataset 2021-09-03 (Nomeroff Net), https://nomeroff.net.ua/datasets/ | 17173767-17173767--r612nk27-_Toyota_Harrier.png | conditions: оценка по яркости;CC BY 4.0;day
images/real/real_00276.jpg;K739KE763;type1a;0,0,327,192;0,0,327,0,327,192,0,192;1;0;AUTO.RIA Numberplate Options Dataset 2021-09-03 (Nomeroff Net), https://nomeroff.net.ua/datasets/ | 17095082-17095082--k739ke763-_Suzuki_Alto_Lapin.png | conditions: оценка по яркости;CC BY 4.0;day
images/real/real_00277.jpg;Y276AX125;type1a;0,0,111,64;0,0,111,0,111,64,0,64;1;0;AUTO.RIA Numberplate Options Dataset 2021-09-03 (Nomeroff Net), https://nomeroff.net.ua/datasets/ | 17104696-17104696--u276akh125-_Toyota_Succeed.png | conditions: оценка по яркости;CC BY 4.0;day
images/real/real_00278.jpg;B456AA156;type1a;0,0,271,159;0,0,271,0,271,159,0,159;1;0;AUTO.RIA Numberplate Options Dataset 2021-09-03 (Nomeroff Net), https://nomeroff.net.ua/datasets/ | 17139698-17139698--v456aa156-_Toyota_Mark_X.png | conditions: оценка по яркости;CC BY 4.0;day
images/real/real_00279.jpg;X112XT777;type1a;0,0,202,118;0,0,202,0,202,118,0,118;1;0;AUTO.RIA Numberplate Options Dataset 2021-09-03 (Nomeroff Net), https://nomeroff.net.ua/datasets/ | 17123494-17123494--kh112kht777-_Ford_Mustang.png | conditions: оценка по яркости;CC BY 4.0;day
images/real/real_00280.jpg;K309AA164;type1a;0,0,177,104;0,0,177,0,177,104,0,104;1;0;AUTO.RIA Numberplate Options Dataset 2021-09-03 (Nomeroff Net), https://nomeroff.net.ua/datasets/ | 17216674-17216674--k309aa164-_Toyota_Chaser.png | conditions: оценка по яркости;CC BY 4.0;day
images/real/real_00281.jpg;B411MM41;type1a;0,0,235,137;0,0,235,0,235,137,0,137;1;0;AUTO.RIA Numberplate Options Dataset 2021-09-03 (Nomeroff Net), https://nomeroff.net.ua/datasets/ | 17170337-17170337--v411mm41-_Toyota_Wish.png | conditions: оценка по яркости;CC BY 4.0;day
images/real/real_00282.jpg;P121HA177;type1a;0,0,225,131;0,0,225,0,225,131,0,131;1;0;AUTO.RIA Numberplate Options Dataset 2021-09-03 (Nomeroff Net), https://nomeroff.net.ua/datasets/ | 17168661-17168661--r121na177-_Toyota_Progres.png | conditions: оценка по яркости;CC BY 4.0;day
images/real/real_00283.jpg;M600AK125;type1a;0,0,134,78;0,0,134,0,134,78,0,78;1;0;AUTO.RIA Numberplate Options Dataset 2021-09-03 (Nomeroff Net), https://nomeroff.net.ua/datasets/ | 17094833-17094833--m600ak125-_Toyota_Land_Cruiser.png | conditions: оценка по яркости;CC BY 4.0;day
images/real/real_00284.jpg;A088CX702;type1a;0,0,210,123;0,0,210,0,210,123,0,123;1;0;AUTO.RIA Numberplate Options Dataset 2021-09-03 (Nomeroff Net), https://nomeroff.net.ua/datasets/ | 17100287-17100287--a088skh702-_Nissan_Murano.png | conditions: оценка по яркости;CC BY 4.0;day
images/real/real_00285.jpg;K291MO134;type1a;0,0,206,121;0,0,206,0,206,121,0,121;1;0;AUTO.RIA Numberplate Options Dataset 2021-09-03 (Nomeroff Net), https://nomeroff.net.ua/datasets/ | 17114246-17114246--k291mo134-_Toyota_RAV4.png | conditions: оценка по яркости;CC BY 4.0;day
images/real/real_00286.jpg;M078KP72;type1a;0,0,345,202;0,0,345,0,345,202,0,202;1;0;AUTO.RIA Numberplate Options Dataset 2021-09-03 (Nomeroff Net), https://nomeroff.net.ua/datasets/ | 17085260-17085260--m078kr72-_Toyota_Mark_X.png | conditions: оценка по яркости;CC BY 4.0;day
images/real/real_00287.jpg;M454MK14;type1a;0,0,138,80;0,0,138,0,138,80,0,80;1;0;AUTO.RIA Numberplate Options Dataset 2021-09-03 (Nomeroff Net), https://nomeroff.net.ua/datasets/ | 17185720-17185720--m454mk14-_Toyota_Vitz.png | conditions: оценка по яркости;CC BY 4.0;day
images/real/real_00288.jpg;E598EA70;type1a;0,0,188,110;0,0,188,0,188,110,0,110;1;0;AUTO.RIA Numberplate Options Dataset 2021-09-03 (Nomeroff Net), https://nomeroff.net.ua/datasets/ | 17089386-17089386--e598ea70-_Audi_100.png | conditions: оценка по яркости;CC BY 4.0;day
images/real/real_00289.jpg;O062OX125;type1a;0,0,102,59;0,0,102,0,102,59,0,59;1;0;AUTO.RIA Numberplate Options Dataset 2021-09-03 (Nomeroff Net), https://nomeroff.net.ua/datasets/ | 17085418-17085418--o062okh125-_Toyota_Corolla_Axio.png | conditions: оценка по яркости;CC BY 4.0;day
images/real/real_00290.jpg;X372XY125;type1a;0,0,145,85;0,0,145,0,145,85,0,85;1;0;AUTO.RIA Numberplate Options Dataset 2021-09-03 (Nomeroff Net), https://nomeroff.net.ua/datasets/ | 17197545-17197545--kh372khu125-_Toyota_Auris.png | conditions: оценка по яркости;CC BY 4.0;day
images/real/real_00291.jpg;O393MB125;type1a;0,0,155,90;0,0,155,0,155,90,0,90;1;0;AUTO.RIA Numberplate Options Dataset 2021-09-03 (Nomeroff Net), https://nomeroff.net.ua/datasets/ | 17111401-17111401--o393mv125-_Nissan_Vanette.png | conditions: оценка по яркости;CC BY 4.0;day
images/real/real_00292.jpg;O385XM72;type1a;0,0,198,116;0,0,198,0,198,116,0,116;1;0;AUTO.RIA Numberplate Options Dataset 2021-09-03 (Nomeroff Net), https://nomeroff.net.ua/datasets/ | 17082463-17082463--o385khm72-_Toyota_Passo.png | conditions: оценка по яркости;CC BY 4.0;day
images/real/real_00293.jpg;X239XA12;type1a;0,0,269,157;0,0,269,0,269,157,0,157;1;0;AUTO.RIA Numberplate Options Dataset 2021-09-03 (Nomeroff Net), https://nomeroff.net.ua/datasets/ | 17203206-17203206--kh239kha12-_Toyota_Sienta.png | conditions: оценка по яркости;CC BY 4.0;day
images/real/real_00294.jpg;O128HE125;type1a;0,0,151,88;0,0,151,0,151,88,0,88;1;0;AUTO.RIA Numberplate Options Dataset 2021-09-03 (Nomeroff Net), https://nomeroff.net.ua/datasets/ | 17230981-17230981--o128ne125-_Lexus_GX.png | conditions: оценка по яркости;CC BY 4.0;day
images/real/real_00295.jpg;C497MA142;type1a;0,0,277,162;0,0,277,0,277,162,0,162;1;0;AUTO.RIA Numberplate Options Dataset 2021-09-03 (Nomeroff Net), https://nomeroff.net.ua/datasets/ | 17150865-17150865--s497ma142-_Toyota_Vitz.png | conditions: оценка по яркости;CC BY 4.0;day
images/real/real_00296.jpg;T707AE125;type1a;0,0,102,59;0,0,102,0,102,59,0,59;1;0;AUTO.RIA Numberplate Options Dataset 2021-09-03 (Nomeroff Net), https://nomeroff.net.ua/datasets/ | 17106502-17106502--t707ae125-_Toyota_Land_Cruiser_Prado.png | conditions: оценка по яркости;CC BY 4.0;day
images/real/real_00297.jpg;C991KM777;type1a;0,0,206,120;0,0,206,0,206,120,0,120;1;0;AUTO.RIA Numberplate Options Dataset 2021-09-03 (Nomeroff Net), https://nomeroff.net.ua/datasets/ | 17222846-17222846--s991km777-_Toyota_Land_Cruiser_Prado.png | conditions: оценка по яркости;CC BY 4.0;day
images/real/real_00298.jpg;E078HC67;type1a;0,0,156,91;0,0,156,0,156,91,0,91;1;0;AUTO.RIA Numberplate Options Dataset 2021-09-03 (Nomeroff Net), https://nomeroff.net.ua/datasets/ | 17124330-17124330--e078ns67-_Mitsubishi_Delica_D:5.png | conditions: оценка по яркости;CC BY 4.0;day
images/real/real_00299.jpg;O837TB125;type1a;0,0,111,64;0,0,111,0,111,64,0,64;1;0;AUTO.RIA Numberplate Options Dataset 2021-09-03 (Nomeroff Net), https://nomeroff.net.ua/datasets/ | 17180075-17180075--o837tv125-_Honda_Stepwgn.png | conditions: оценка по яркости;CC BY 4.0;day
images/real/real_00300.jpg;A812HM64;type1;0,0,130,27;0,0,130,0,130,27,0,27;1;0;AUTO.RIA Numberplate Options Dataset 2021-09-03 (Nomeroff Net), https://nomeroff.net.ua/datasets/ | A812HM64_0.png | conditions: оценка по яркости;CC BY 4.0;day
images/real/real_00301.jpg;M336MM98;type1;0,0,159,33;0,0,159,0,159,33,0,33;1;0;AUTO.RIA Numberplate Options Dataset 2021-09-03 (Nomeroff Net), https://nomeroff.net.ua/datasets/ | M336MM98_0.png | conditions: оценка по яркости;CC BY 4.0;day
images/real/real_00302.jpg;E493HX98;type1;0,0,158,33;0,0,158,0,158,33,0,33;1;0;AUTO.RIA Numberplate Options Dataset 2021-09-03 (Nomeroff Net), https://nomeroff.net.ua/datasets/ | E493HX98_0.png | conditions: оценка по яркости;CC BY 4.0;day
images/real/real_00303.jpg;O411PM54;type1;0,0,196,41;0,0,196,0,196,41,0,41;1;0;AUTO.RIA Numberplate Options Dataset 2021-09-03 (Nomeroff Net), https://nomeroff.net.ua/datasets/ | O411PM54_0.png | conditions: оценка по яркости;CC BY 4.0;day
images/real/real_00304.jpg;M780XY31;type1;0,0,129,27;0,0,129,0,129,27,0,27;1;0;AUTO.RIA Numberplate Options Dataset 2021-09-03 (Nomeroff Net), https://nomeroff.net.ua/datasets/ | M780XY31_1.png | conditions: оценка по яркости;CC BY 4.0;day
images/real/real_00305.jpg;E023MY86;type1;0,0,192,41;0,0,192,0,192,41,0,41;1;0;AUTO.RIA Numberplate Options Dataset 2021-09-03 (Nomeroff Net), https://nomeroff.net.ua/datasets/ | E023MY86_0.png | conditions: оценка по яркости;CC BY 4.0;day
images/real/real_00306.jpg;H002YM28;type1;0,0,185,39;0,0,185,0,185,39,0,39;1;0;AUTO.RIA Numberplate Options Dataset 2021-09-03 (Nomeroff Net), https://nomeroff.net.ua/datasets/ | H002YM28_0.png | conditions: оценка по яркости;CC BY 4.0;day
images/real/real_00307.jpg;Y007TB54;type1;0,0,171,36;0,0,171,0,171,36,0,36;1;0;AUTO.RIA Numberplate Options Dataset 2021-09-03 (Nomeroff Net), https://nomeroff.net.ua/datasets/ | Y007TB54_0.png | conditions: оценка по яркости;CC BY 4.0;day
images/real/real_00308.jpg;O729YK52;type1;0,0,132,27;0,0,132,0,132,27,0,27;1;0;AUTO.RIA Numberplate Options Dataset 2021-09-03 (Nomeroff Net), https://nomeroff.net.ua/datasets/ | O729YK52_0.png | conditions: оценка по яркости;CC BY 4.0;day
images/real/real_00309.jpg;K650PK32;type1;0,0,116,24;0,0,116,0,116,24,0,24;1;0;AUTO.RIA Numberplate Options Dataset 2021-09-03 (Nomeroff Net), https://nomeroff.net.ua/datasets/ | K650PK32_0.png | conditions: оценка по яркости;CC BY 4.0;day
images/real/real_00310.jpg;M007EH02;type1;0,0,214,45;0,0,214,0,214,45,0,45;1;0;AUTO.RIA Numberplate Options Dataset 2021-09-03 (Nomeroff Net), https://nomeroff.net.ua/datasets/ | M007EH02_0.png | conditions: оценка по яркости;CC BY 4.0;day
images/real/real_00311.jpg;K651KK62;type1;0,0,141,30;0,0,141,0,141,30,0,30;1;0;AUTO.RIA Numberplate Options Dataset 2021-09-03 (Nomeroff Net), https://nomeroff.net.ua/datasets/ | K651KK62_0.png | conditions: оценка по яркости;CC BY 4.0;day
images/real/real_00312.jpg;A864XK53;type1;0,0,155,33;0,0,155,0,155,33,0,33;1;0;AUTO.RIA Numberplate Options Dataset 2021-09-03 (Nomeroff Net), https://nomeroff.net.ua/datasets/ | A864XK53_0.png | conditions: оценка по яркости;CC BY 4.0;day
images/real/real_00313.jpg;A802TA152;type1;0,0,162,34;0,0,162,0,162,34,0,34;1;0;AUTO.RIA Numberplate Options Dataset 2021-09-03 (Nomeroff Net), https://nomeroff.net.ua/datasets/ | A802TA152_0.png | conditions: оценка по яркости;CC BY 4.0;day
images/real/real_00314.jpg;B329OX152;type1;0,0,180,38;0,0,180,0,180,38,0,38;1;0;AUTO.RIA Numberplate Options Dataset 2021-09-03 (Nomeroff Net), https://nomeroff.net.ua/datasets/ | B329OX152_0.png | conditions: оценка по яркости;CC BY 4.0;day
images/real/real_00315.jpg;Y111HE42;type1;0,0,148,31;0,0,148,0,148,31,0,31;1;0;AUTO.RIA Numberplate Options Dataset 2021-09-03 (Nomeroff Net), https://nomeroff.net.ua/datasets/ | Y111HE42_0.png | conditions: оценка по яркости;CC BY 4.0;day
images/real/real_00316.jpg;K001KB46;type1;0,0,129,27;0,0,129,0,129,27,0,27;1;0;AUTO.RIA Numberplate Options Dataset 2021-09-03 (Nomeroff Net), https://nomeroff.net.ua/datasets/ | K001KB46_0.png | conditions: оценка по яркости;CC BY 4.0;day
images/real/real_00317.jpg;X155XX42;type1;0,0,150,31;0,0,150,0,150,31,0,31;1;0;AUTO.RIA Numberplate Options Dataset 2021-09-03 (Nomeroff Net), https://nomeroff.net.ua/datasets/ | X155XX42_0.png | conditions: оценка по яркости;CC BY 4.0;day
images/real/real_00318.jpg;K391HO46;type1;0,0,137,29;0,0,137,0,137,29,0,29;1;0;AUTO.RIA Numberplate Options Dataset 2021-09-03 (Nomeroff Net), https://nomeroff.net.ua/datasets/ | K391HO46_0.png | conditions: оценка по яркости;CC BY 4.0;day
images/real/real_00319.jpg;Y408TM54;type1;0,0,204,43;0,0,204,0,204,43,0,43;1;0;AUTO.RIA Numberplate Options Dataset 2021-09-03 (Nomeroff Net), https://nomeroff.net.ua/datasets/ | Y408TM54_0.png | conditions: оценка по яркости;CC BY 4.0;day
images/real/real_00320.jpg;T642TT39;type1;0,0,123,25;0,0,123,0,123,25,0,25;1;0;AUTO.RIA Numberplate Options Dataset 2021-09-03 (Nomeroff Net), https://nomeroff.net.ua/datasets/ | T642TT39_0.png | conditions: оценка по яркости;CC BY 4.0;day
images/real/real_00321.jpg;K184AM29;type1;0,0,197,42;0,0,197,0,197,42,0,42;1;0;AUTO.RIA Numberplate Options Dataset 2021-09-03 (Nomeroff Net), https://nomeroff.net.ua/datasets/ | K184AM29_0.png | conditions: оценка по яркости;CC BY 4.0;day
images/real/real_00322.jpg;X531KB54;type1;0,0,178,38;0,0,178,0,178,38,0,38;1;0;AUTO.RIA Numberplate Options Dataset 2021-09-03 (Nomeroff Net), https://nomeroff.net.ua/datasets/ | X531KB54_0.png | conditions: оценка по яркости;CC BY 4.0;day
images/real/real_00323.jpg;H171BB29;type1;0,0,198,42;0,0,198,0,198,42,0,42;1;0;AUTO.RIA Numberplate Options Dataset 2021-09-03 (Nomeroff Net), https://nomeroff.net.ua/datasets/ | H171BB29_0.png | conditions: оценка по яркости;CC BY 4.0;day
images/real/real_00324.jpg;T096BE54;type1;0,0,225,48;0,0,225,0,225,48,0,48;1;0;AUTO.RIA Numberplate Options Dataset 2021-09-03 (Nomeroff Net), https://nomeroff.net.ua/datasets/ | T096BE54_0.png | conditions: оценка по яркости;CC BY 4.0;day
images/real/real_00325.jpg;X568AA64;type1;0,0,103,21;0,0,103,0,103,21,0,21;1;0;AUTO.RIA Numberplate Options Dataset 2021-09-03 (Nomeroff Net), https://nomeroff.net.ua/datasets/ | X568AA64_0.png | conditions: оценка по яркости;CC BY 4.0;night
images/real/real_00326.jpg;H975MA36;type1;0,0,164,35;0,0,164,0,164,35,0,35;1;0;AUTO.RIA Numberplate Options Dataset 2021-09-03 (Nomeroff Net), https://nomeroff.net.ua/datasets/ | H975MA36_0.png | conditions: оценка по яркости;CC BY 4.0;day
images/real/real_00327.jpg;P918OH52;type1;0,0,95,20;0,0,95,0,95,20,0,20;1;0;AUTO.RIA Numberplate Options Dataset 2021-09-03 (Nomeroff Net), https://nomeroff.net.ua/datasets/ | P918OH52_0.png | conditions: оценка по яркости;CC BY 4.0;day
images/real/real_00328.jpg;M474XM98;type1;0,0,176,37;0,0,176,0,176,37,0,37;1;0;AUTO.RIA Numberplate Options Dataset 2021-09-03 (Nomeroff Net), https://nomeroff.net.ua/datasets/ | M474XM98_0.png | conditions: оценка по яркости;CC BY 4.0;day
images/real/real_00329.jpg;O577OO51;type1;0,0,127,27;0,0,127,0,127,27,0,27;1;0;AUTO.RIA Numberplate Options Dataset 2021-09-03 (Nomeroff Net), https://nomeroff.net.ua/datasets/ | O577OO51_0.png | conditions: оценка по яркости;CC BY 4.0;day
images/real/real_00330.jpg;O632OX98;type1;0,0,160,34;0,0,160,0,160,34,0,34;1;0;AUTO.RIA Numberplate Options Dataset 2021-09-03 (Nomeroff Net), https://nomeroff.net.ua/datasets/ | O632OX98_0.png | conditions: оценка по яркости;CC BY 4.0;day
images/real/real_00331.jpg;E925OA34;type1;0,0,158,33;0,0,158,0,158,33,0,33;1;0;AUTO.RIA Numberplate Options Dataset 2021-09-03 (Nomeroff Net), https://nomeroff.net.ua/datasets/ | E925OA34_0.png | conditions: оценка по яркости;CC BY 4.0;day
images/real/real_00332.jpg;P897BX96;type1;0,0,220,47;0,0,220,0,220,47,0,47;1;0;AUTO.RIA Numberplate Options Dataset 2021-09-03 (Nomeroff Net), https://nomeroff.net.ua/datasets/ | P897BX96_0.png | conditions: оценка по яркости;CC BY 4.0;day
images/real/real_00333.jpg;O770OO23;type1;0,0,194,41;0,0,194,0,194,41,0,41;1;0;AUTO.RIA Numberplate Options Dataset 2021-09-03 (Nomeroff Net), https://nomeroff.net.ua/datasets/ | O770OO23_0.png | conditions: оценка по яркости;CC BY 4.0;day
images/real/real_00334.jpg;E038EE36;type1;0,0,184,39;0,0,184,0,184,39,0,39;1;0;AUTO.RIA Numberplate Options Dataset 2021-09-03 (Nomeroff Net), https://nomeroff.net.ua/datasets/ | E038EE36_0.png | conditions: оценка по яркости;CC BY 4.0;day
images/real/real_00335.jpg;B664AA35;type1;0,0,123,26;0,0,123,0,123,26,0,26;1;0;AUTO.RIA Numberplate Options Dataset 2021-09-03 (Nomeroff Net), https://nomeroff.net.ua/datasets/ | B664AA35_0.png | conditions: оценка по яркости;CC BY 4.0;day
images/real/real_00336.jpg;K919BP31;type1;0,0,169,35;0,0,169,0,169,35,0,35;1;0;AUTO.RIA Numberplate Options Dataset 2021-09-03 (Nomeroff Net), https://nomeroff.net.ua/datasets/ | K919BP31_0.png | conditions: оценка по яркости;CC BY 4.0;day
images/real/real_00337.jpg;X882XX98;type1;0,0,176,37;0,0,176,0,176,37,0,37;1;0;AUTO.RIA Numberplate Options Dataset 2021-09-03 (Nomeroff Net), https://nomeroff.net.ua/datasets/ | X882XX98_0.png | conditions: оценка по яркости;CC BY 4.0;day
images/real/real_00338.jpg;O137OO98;type1;0,0,181,38;0,0,181,0,181,38,0,38;1;0;AUTO.RIA Numberplate Options Dataset 2021-09-03 (Nomeroff Net), https://nomeroff.net.ua/datasets/ | O137OO98_0.png | conditions: оценка по яркости;CC BY 4.0;day
images/real/real_00339.jpg;X898XX99;type1;0,0,157,33;0,0,157,0,157,33,0,33;1;0;AUTO.RIA Numberplate Options Dataset 2021-09-03 (Nomeroff Net), https://nomeroff.net.ua/datasets/ | X898XX99_0.png | conditions: оценка по яркости;CC BY 4.0;day
images/real/real_00340.jpg;K600KK31;type1;0,0,196,41;0,0,196,0,196,41,0,41;1;0;AUTO.RIA Numberplate Options Dataset 2021-09-03 (Nomeroff Net), https://nomeroff.net.ua/datasets/ | K600KK31_0.png | conditions: оценка по яркости;CC BY 4.0;day
images/real/real_00341.jpg;X045PX54;type1;0,0,155,33;0,0,155,0,155,33,0,33;1;0;AUTO.RIA Numberplate Options Dataset 2021-09-03 (Nomeroff Net), https://nomeroff.net.ua/datasets/ | X045PX54_0.png | conditions: оценка по яркости;CC BY 4.0;day
images/real/real_00342.jpg;X199XM98;type1;0,0,201,43;0,0,201,0,201,43,0,43;1;0;AUTO.RIA Numberplate Options Dataset 2021-09-03 (Nomeroff Net), https://nomeroff.net.ua/datasets/ | X199XM98_0.png | conditions: оценка по яркости;CC BY 4.0;day
images/real/real_00343.jpg;H631OT54;type1;0,0,187,39;0,0,187,0,187,39,0,39;1;0;AUTO.RIA Numberplate Options Dataset 2021-09-03 (Nomeroff Net), https://nomeroff.net.ua/datasets/ | H631OT54_0.png | conditions: оценка по яркости;CC BY 4.0;day
images/real/real_00344.jpg;K497XB54;type1;0,0,150,31;0,0,150,0,150,31,0,31;1;0;AUTO.RIA Numberplate Options Dataset 2021-09-03 (Nomeroff Net), https://nomeroff.net.ua/datasets/ | K497XB54_0.png | conditions: оценка по яркости;CC BY 4.0;day
images/real/real_00345.jpg;A777PA54;type1;0,0,162,34;0,0,162,0,162,34,0,34;1;0;AUTO.RIA Numberplate Options Dataset 2021-09-03 (Nomeroff Net), https://nomeroff.net.ua/datasets/ | A777PA54_0.png | conditions: оценка по яркости;CC BY 4.0;day
images/real/real_00346.jpg;H773YX54;type1;0,0,193,41;0,0,193,0,193,41,0,41;1;0;AUTO.RIA Numberplate Options Dataset 2021-09-03 (Nomeroff Net), https://nomeroff.net.ua/datasets/ | H773YX54_0.png | conditions: оценка по яркости;CC BY 4.0;day
images/real/real_00347.jpg;O119HY98;type1;0,0,172,36;0,0,172,0,172,36,0,36;1;0;AUTO.RIA Numberplate Options Dataset 2021-09-03 (Nomeroff Net), https://nomeroff.net.ua/datasets/ | O119HY98_0.png | conditions: оценка по яркости;CC BY 4.0;day
images/real/real_00348.jpg;M473XH54;type1;0,0,176,37;0,0,176,0,176,37,0,37;1;0;AUTO.RIA Numberplate Options Dataset 2021-09-03 (Nomeroff Net), https://nomeroff.net.ua/datasets/ | M473XH54_0.png | conditions: оценка по яркости;CC BY 4.0;day
images/real/real_00349.jpg;B077XE98;type1;0,0,175,37;0,0,175,0,175,37,0,37;1;0;AUTO.RIA Numberplate Options Dataset 2021-09-03 (Nomeroff Net), https://nomeroff.net.ua/datasets/ | B077XE98_0.png | conditions: оценка по яркости;CC BY 4.0;day
images/real/real_00350.jpg;K107BK45;type1;0,0,139,29;0,0,139,0,139,29,0,29;1;0;AUTO.RIA Numberplate Options Dataset 2021-09-03 (Nomeroff Net), https://nomeroff.net.ua/datasets/ | K107BK45_0.png | conditions: оценка по яркости;CC BY 4.0;day
images/real/real_00351.jpg;O785XX54;type1;0,0,160,34;0,0,160,0,160,34,0,34;1;0;AUTO.RIA Numberplate Options Dataset 2021-09-03 (Nomeroff Net), https://nomeroff.net.ua/datasets/ | O785XX54_0.png | conditions: оценка по яркости;CC BY 4.0;day
images/real/real_00352.jpg;B435BX116;type1;0,0,203,43;0,0,203,0,203,43,0,43;1;0;AUTO.RIA Numberplate Options Dataset 2021-09-03 (Nomeroff Net), https://nomeroff.net.ua/datasets/ | B435BX116_0.png | conditions: оценка по яркости;CC BY 4.0;day
images/real/real_00353.jpg;K123XB71;type1;0,0,188,40;0,0,188,0,188,40,0,40;1;0;AUTO.RIA Numberplate Options Dataset 2021-09-03 (Nomeroff Net), https://nomeroff.net.ua/datasets/ | K123XB71_0.png | conditions: оценка по яркости;CC BY 4.0;day
images/real/real_00354.jpg;O153YK54;type1;0,0,168,35;0,0,168,0,168,35,0,35;1;0;AUTO.RIA Numberplate Options Dataset 2021-09-03 (Nomeroff Net), https://nomeroff.net.ua/datasets/ | O153YK54_0.png | conditions: оценка по яркости;CC BY 4.0;day
images/real/real_00355.jpg;H449YE54;type1;0,0,158,33;0,0,158,0,158,33,0,33;1;0;AUTO.RIA Numberplate Options Dataset 2021-09-03 (Nomeroff Net), https://nomeroff.net.ua/datasets/ | H449YE54_0.png | conditions: оценка по яркости;CC BY 4.0;day
images/real/real_00356.jpg;H076HH76;type1;0,0,116,24;0,0,116,0,116,24,0,24;1;0;AUTO.RIA Numberplate Options Dataset 2021-09-03 (Nomeroff Net), https://nomeroff.net.ua/datasets/ | H076HH76_0.png | conditions: оценка по яркости;CC BY 4.0;day
images/real/real_00357.jpg;A251YA35;type1;0,0,178,38;0,0,178,0,178,38,0,38;1;0;AUTO.RIA Numberplate Options Dataset 2021-09-03 (Nomeroff Net), https://nomeroff.net.ua/datasets/ | A251YA35_0.png | conditions: оценка по яркости;CC BY 4.0;day
images/real/real_00358.jpg;A215AK197;type1;0,0,123,26;0,0,123,0,123,26,0,26;1;0;AUTO.RIA Numberplate Options Dataset 2021-09-03 (Nomeroff Net), https://nomeroff.net.ua/datasets/ | A215AK197_0.png | conditions: оценка по яркости;CC BY 4.0;day
images/real/real_00359.jpg;K757AO05;type1;0,0,146,31;0,0,146,0,146,31,0,31;1;0;AUTO.RIA Numberplate Options Dataset 2021-09-03 (Nomeroff Net), https://nomeroff.net.ua/datasets/ | K757AO05_0.png | conditions: оценка по яркости;CC BY 4.0;day
images/real/real_00360.jpg;4492AB38;other;0,0,139,81;0,0,139,0,139,81,0,81;1;0;AUTO.RIA Numberplate Options Dataset 2021-09-03 (Nomeroff Net), https://nomeroff.net.ua/datasets/ | 16793936-16793936--4492_av_38-_.png | conditions: оценка по яркости;CC BY 4.0;day
images/real/real_00361.jpg;9861AA71;other;0,0,280,164;0,0,280,0,280,164,0,164;1;0;AUTO.RIA Numberplate Options Dataset 2021-09-03 (Nomeroff Net), https://nomeroff.net.ua/datasets/ | 17096767-17096767--9861_aa_71-_Yamaha_FZ.png | conditions: оценка по яркости;CC BY 4.0;day
images/real/real_00362.jpg;3336HT77;other;0,0,213,125;0,0,213,0,213,125,0,125;1;0;AUTO.RIA Numberplate Options Dataset 2021-09-03 (Nomeroff Net), https://nomeroff.net.ua/datasets/ | 16782731-16782731--3336_nt_77-_Bucher.png | conditions: оценка по яркости;CC BY 4.0;day
images/real/real_00363.jpg;0387AE71;other;0,0,185,108;0,0,185,0,185,108,0,108;1;0;AUTO.RIA Numberplate Options Dataset 2021-09-03 (Nomeroff Net), https://nomeroff.net.ua/datasets/ | 16945729-16945729--0387_ae_71-_Honda_NC_Series.png | conditions: оценка по яркости;CC BY 4.0;day
images/real/real_00364.jpg;3382AB62;other;0,0,252,148;0,0,252,0,252,148,0,148;1;0;AUTO.RIA Numberplate Options Dataset 2021-09-03 (Nomeroff Net), https://nomeroff.net.ua/datasets/ | 16946056-16946056--3382_av_62-_Honda_NV_Series.png | conditions: оценка по яркости;CC BY 4.0;day
images/real/real_00365.jpg;8753YA74;other;0,0,191,111;0,0,191,0,191,111,0,111;1;0;AUTO.RIA Numberplate Options Dataset 2021-09-03 (Nomeroff Net), https://nomeroff.net.ua/datasets/ | 17061230-17061230--8753_ua_74-_Toyota.png | conditions: оценка по яркости;CC BY 4.0;day
images/real/real_00366.jpg;3158KB10;other;0,0,150,87;0,0,150,0,150,87,0,87;1;0;AUTO.RIA Numberplate Options Dataset 2021-09-03 (Nomeroff Net), https://nomeroff.net.ua/datasets/ | 17085614-17085614--3158_kv_10-_Belarus_(MTZ).png | conditions: оценка по яркости;CC BY 4.0;day
images/real/real_00367.jpg;8080TM71;other;0,0,82,47;0,0,82,0,82,47,0,47;1;0;AUTO.RIA Numberplate Options Dataset 2021-09-03 (Nomeroff Net), https://nomeroff.net.ua/datasets/ | 16921037-16921037--8080_tm_71-_Bobcat.png | conditions: оценка по яркости;CC BY 4.0;day
images/real/real_00368.jpg;6527PE77;other;0,0,214,125;0,0,214,0,214,125,0,125;1;0;AUTO.RIA Numberplate Options Dataset 2021-09-03 (Nomeroff Net), https://nomeroff.net.ua/datasets/ | 17071720-17071720--6527_re_77-_Can-Am_Maverick.png | conditions: оценка по яркости;CC BY 4.0;day
images/real/real_00369.jpg;3788AX77;other;0,0,139,81;0,0,139,0,139,81,0,81;1;0;AUTO.RIA Numberplate Options Dataset 2021-09-03 (Nomeroff Net), https://nomeroff.net.ua/datasets/ | 17193330-17193330--3788_akh_77-_BMW_R_Series.png | conditions: оценка по яркости;CC BY 4.0;day
images/real/real_00370.jpg;1546EM32;other;0,0,177,103;0,0,177,0,177,103,0,103;1;0;AUTO.RIA Numberplate Options Dataset 2021-09-03 (Nomeroff Net), https://nomeroff.net.ua/datasets/ | 17064023-17064023--1546_yem_32-_.png | conditions: оценка по яркости;CC BY 4.0;day
images/real/real_00371.jpg;4443HC77;other;0,0,208,121;0,0,208,0,208,121,0,121;1;0;AUTO.RIA Numberplate Options Dataset 2021-09-03 (Nomeroff Net), https://nomeroff.net.ua/datasets/ | 17176015-17176015--4443_ns_77-_.png | conditions: оценка по яркости;CC BY 4.0;day
images/real/real_00372.jpg;8246BK77;other;0,0,187,110;0,0,187,0,187,110,0,110;1;0;AUTO.RIA Numberplate Options Dataset 2021-09-03 (Nomeroff Net), https://nomeroff.net.ua/datasets/ | 17198788-17198788--8246_vk_77-_Suzuki_GSX-S_Series.png | conditions: оценка по яркости;CC BY 4.0;day
images/real/real_00373.jpg;4200MX51;other;0,0,274,160;0,0,274,0,274,160,0,160;1;0;AUTO.RIA Numberplate Options Dataset 2021-09-03 (Nomeroff Net), https://nomeroff.net.ua/datasets/ | 17188033-17188033--4200_mkh_51-_.png | conditions: оценка по яркости;CC BY 4.0;day
images/real/real_00374.jpg;1518HB77;other;0,0,141,82;0,0,141,0,141,82,0,82;1;0;AUTO.RIA Numberplate Options Dataset 2021-09-03 (Nomeroff Net), https://nomeroff.net.ua/datasets/ | 16785929-16785929--1518_nv_77-_.png | conditions: оценка по яркости;CC BY 4.0;day
images/real/real_00375.jpg;9648AA71;other;0,0,299,175;0,0,299,0,299,175,0,175;1;0;AUTO.RIA Numberplate Options Dataset 2021-09-03 (Nomeroff Net), https://nomeroff.net.ua/datasets/ | 17103617-17103617--9648_aa_71-_Honda_CBR_Series.png | conditions: оценка по яркости;CC BY 4.0;day
images/real/real_00376.jpg;6791CH67;other;0,0,136,79;0,0,136,0,136,79,0,79;1;0;AUTO.RIA Numberplate Options Dataset 2021-09-03 (Nomeroff Net), https://nomeroff.net.ua/datasets/ | 17066772-17066772--6791_sn_67-_BOMAG.png | conditions: оценка по яркости;CC BY 4.0;day
images/real/real_00377.jpg;6519BA50;other;0,0,240,141;0,0,240,0,240,141,0,141;1;0;AUTO.RIA Numberplate Options Dataset 2021-09-03 (Nomeroff Net), https://nomeroff.net.ua/datasets/ | 17221805-17221805--6519_va_50-_Harley-Davidson_FL.png | conditions: оценка по яркости;CC BY 4.0;day
images/real/real_00378.jpg;5217BO25;other;0,0,104,61;0,0,104,0,104,61,0,61;1;0;AUTO.RIA Numberplate Options Dataset 2021-09-03 (Nomeroff Net), https://nomeroff.net.ua/datasets/ | 17061316-17061316--5217_vo_25-_KATO_MR-series.png | conditions: оценка по яркости;CC BY 4.0;day
images/real/real_00379.jpg;2425AT50;other;0,0,294,172;0,0,294,0,294,172,0,172;1;0;AUTO.RIA Numberplate Options Dataset 2021-09-03 (Nomeroff Net), https://nomeroff.net.ua/datasets/ | 17193837-17193837--2425_at_50-_Honda_CB_Series.png | conditions: оценка по яркости;CC BY 4.0;day
images/real/real_00380.jpg;2082AH02;other;0,0,175,102;0,0,175,0,175,102,0,102;1;0;AUTO.RIA Numberplate Options Dataset 2021-09-03 (Nomeroff Net), https://nomeroff.net.ua/datasets/ | 17101080-17101080--2082_an_02-_Racer_Forester.png | conditions: оценка по яркости;CC BY 4.0;day
images/real/real_00381.jpg;0006AH02;other;0,0,153,90;0,0,153,0,153,90,0,90;1;0;AUTO.RIA Numberplate Options Dataset 2021-09-03 (Nomeroff Net), https://nomeroff.net.ua/datasets/ | 16949476-16949476--0006_an_02-_Honda_NX_Series.png | conditions: оценка по яркости;CC BY 4.0;day
images/real/real_00382.jpg;5962XC47;other;0,0,86,50;0,0,86,0,86,50,0,50;1;0;AUTO.RIA Numberplate Options Dataset 2021-09-03 (Nomeroff Net), https://nomeroff.net.ua/datasets/ | 17088050-17088050--5962_khs_47-_Doosan.png | conditions: оценка по яркости;CC BY 4.0;day
images/real/real_00383.jpg;3358PH38;other;0,0,164,96;0,0,164,0,164,96,0,96;1;0;AUTO.RIA Numberplate Options Dataset 2021-09-03 (Nomeroff Net), https://nomeroff.net.ua/datasets/ | 17080057-17080057--3358_rn_38-_Hitachi.png | conditions: оценка по яркости;CC BY 4.0;day
images/real/real_00384.jpg;4791XP27;other;0,0,93,54;0,0,93,0,93,54,0,54;1;0;AUTO.RIA Numberplate Options Dataset 2021-09-03 (Nomeroff Net), https://nomeroff.net.ua/datasets/ | 17177186-17177186--4791_khr_27-_.png | conditions: оценка по яркости;CC BY 4.0;day
images/real/real_00385.jpg;0948EB66;other;0,0,146,85;0,0,146,0,146,85,0,85;1;0;AUTO.RIA Numberplate Options Dataset 2021-09-03 (Nomeroff Net), https://nomeroff.net.ua/datasets/ | 17119981-17119981--0948_yev_66-_Bobcat.png | conditions: оценка по яркости;CC BY 4.0;day
images/real/real_00386.jpg;8221AB63;other;0,0,173,101;0,0,173,0,173,101,0,101;1;0;AUTO.RIA Numberplate Options Dataset 2021-09-03 (Nomeroff Net), https://nomeroff.net.ua/datasets/ | 17074360-17074360--8221_av_63-_Harley-Davidson_FL.png | conditions: оценка по яркости;CC BY 4.0;day
images/real/real_00387.jpg;0462BT25;other;0,0,155,91;0,0,155,0,155,91,0,91;1;0;AUTO.RIA Numberplate Options Dataset 2021-09-03 (Nomeroff Net), https://nomeroff.net.ua/datasets/ | 16778695-16778695--0462_vt_25-_.png | conditions: оценка по яркости;CC BY 4.0;day
images/real/real_00388.jpg;0600XE50;other;0,0,105,61;0,0,105,0,105,61,0,61;1;0;AUTO.RIA Numberplate Options Dataset 2021-09-03 (Nomeroff Net), https://nomeroff.net.ua/datasets/ | 16806703-16806703--0600_khe_50-_JCB.png | conditions: оценка по яркости;CC BY 4.0;day
images/real/real_00389.jpg;9180AA71;other;0,0,248,145;0,0,248,0,248,145,0,145;1;0;AUTO.RIA Numberplate Options Dataset 2021-09-03 (Nomeroff Net), https://nomeroff.net.ua/datasets/ | 17096980-17096980--9180_aa_71-_BMW_R_Series.png | conditions: оценка по яркости;CC BY 4.0;day
images/real/real_00390.jpg;9789MY02;other;0,0,83,48;0,0,83,0,83,48,0,48;1;0;AUTO.RIA Numberplate Options Dataset 2021-09-03 (Nomeroff Net), https://nomeroff.net.ua/datasets/ | 16773620-16773620--9789_mu_02-_Amkodor.png | conditions: оценка по яркости;CC BY 4.0;day
images/real/real_00391.jpg;2875AT66;other;0,0,187,110;0,0,187,0,187,110,0,110;1;0;AUTO.RIA Numberplate Options Dataset 2021-09-03 (Nomeroff Net), https://nomeroff.net.ua/datasets/ | 17076140-17076140--2875_at_66-_Yamaha_XVS.png | conditions: оценка по яркости;CC BY 4.0;day
images/real/real_00392.jpg;0652AE71;other;0,0,222,130;0,0,222,0,222,130,0,130;1;0;AUTO.RIA Numberplate Options Dataset 2021-09-03 (Nomeroff Net), https://nomeroff.net.ua/datasets/ | 17078749-17078749--0652_ae_71-_BMW_F_Series.png | conditions: оценка по яркости;CC BY 4.0;day
images/real/real_00393.jpg;9854AY50;other;0,0,169,99;0,0,169,0,169,99,0,99;1;0;AUTO.RIA Numberplate Options Dataset 2021-09-03 (Nomeroff Net), https://nomeroff.net.ua/datasets/ | 17066953-17066953--9854_au_50-_Yamaha_XV.png | conditions: оценка по яркости;CC BY 4.0;day
images/real/real_00394.jpg;1477HC77;other;0,0,167,97;0,0,167,0,167,97,0,97;1;0;AUTO.RIA Numberplate Options Dataset 2021-09-03 (Nomeroff Net), https://nomeroff.net.ua/datasets/ | 17084024-17084024--1477_ns_77-_Bobcat.png | conditions: оценка по яркости;CC BY 4.0;day
images/real/real_00395.jpg;7564YA74;other;0,0,154,90;0,0,154,0,154,90,0,90;1;0;AUTO.RIA Numberplate Options Dataset 2021-09-03 (Nomeroff Net), https://nomeroff.net.ua/datasets/ | 17101611-17101611--7564_ua_74-_.png | conditions: оценка по яркости;CC BY 4.0;day
images/real/real_00396.jpg;7619AA29;other;0,0,154,90;0,0,154,0,154,90,0,90;1;0;AUTO.RIA Numberplate Options Dataset 2021-09-03 (Nomeroff Net), https://nomeroff.net.ua/datasets/ | 17173510-17173510--7619_aa_29-_Jawa_350.png | conditions: оценка по яркости;CC BY 4.0;day
images/real/real_00397.jpg;0954HO77;other;0,0,352,207;0,0,352,0,352,207,0,207;1;0;AUTO.RIA Numberplate Options Dataset 2021-09-03 (Nomeroff Net), https://nomeroff.net.ua/datasets/ | 17175993-17175993--0954_no_77-_.png | conditions: оценка по яркости;CC BY 4.0;day
images/real/real_00398.jpg;6555ME12;other;0,0,124,72;0,0,124,0,124,72,0,72;1;0;AUTO.RIA Numberplate Options Dataset 2021-09-03 (Nomeroff Net), https://nomeroff.net.ua/datasets/ | 16778972-16778972--6555_me_12-_JCB.png | conditions: оценка по яркости;CC BY 4.0;day
images/real/real_00399.jpg;3701PA78;other;0,0,133,78;0,0,133,0,133,78,0,78;1;0;AUTO.RIA Numberplate Options Dataset 2021-09-03 (Nomeroff Net), https://nomeroff.net.ua/datasets/ | 16796776-16796776--3701_ra_78-_Belarus_(MTZ)_320.png | conditions: оценка по яркости;CC BY 4.0;day
images/real/real_00400.jpg;0910TY70;other;0,0,301,177;0,0,301,0,301,177,0,177;1;0;AUTO.RIA Numberplate Options Dataset 2021-09-03 (Nomeroff Net), https://nomeroff.net.ua/datasets/ | 16822800-16822800--0910_tu_70-_.png | conditions: оценка по яркости;CC BY 4.0;day
images/real/real_00401.jpg;1616AO78;other;0,0,250,147;0,0,250,0,250,147,0,147;1;0;AUTO.RIA Numberplate Options Dataset 2021-09-03 (Nomeroff Net), https://nomeroff.net.ua/datasets/ | 17202773-17202773--1616_ao_78-_Honda_Gold_Wing.png | conditions: оценка по яркости;CC BY 4.0;day
images/real/real_00402.jpg;7031AO78;other;0,0,137,80;0,0,137,0,137,80,0,80;1;0;AUTO.RIA Numberplate Options Dataset 2021-09-03 (Nomeroff Net), https://nomeroff.net.ua/datasets/ | 17014030-17014030--7031_ao_78-_Kawasaki_Z1000.png | conditions: оценка по яркости;CC BY 4.0;day
images/real/real_00403.jpg;6316KB40;other;0,0,128,74;0,0,128,0,128,74,0,74;1;0;AUTO.RIA Numberplate Options Dataset 2021-09-03 (Nomeroff Net), https://nomeroff.net.ua/datasets/ | 17173498-17173498--6316_kv_40-_JCB.png | conditions: оценка по яркости;CC BY 4.0;day
images/real/real_00404.jpg;7575XT76;other;0,0,193,113;0,0,193,0,193,113,0,113;1;0;AUTO.RIA Numberplate Options Dataset 2021-09-03 (Nomeroff Net), https://nomeroff.net.ua/datasets/ | 16896436-16896436--7575_kht_76-_.png | conditions: оценка по яркости;CC BY 4.0;day
images/real/real_00405.jpg;1911KP23;other;0,0,239,140;0,0,239,0,239,140,0,140;1;0;AUTO.RIA Numberplate Options Dataset 2021-09-03 (Nomeroff Net), https://nomeroff.net.ua/datasets/ | 17051277-17051277--1911_kr_23-_Yamaha_FZ.png | conditions: оценка по яркости;CC BY 4.0;day
images/real/real_00406.jpg;0183AE71;other;0,0,239,140;0,0,239,0,239,140,0,140;1;0;AUTO.RIA Numberplate Options Dataset 2021-09-03 (Nomeroff Net), https://nomeroff.net.ua/datasets/ | 17103896-17103896--0183_ae_71-_Harley-Davidson_XL.png | conditions: оценка по яркости;CC BY 4.0;day
images/real/real_00407.jpg;2134MA11;other;0,0,269,157;0,0,269,0,269,157,0,157;1;0;AUTO.RIA Numberplate Options Dataset 2021-09-03 (Nomeroff Net), https://nomeroff.net.ua/datasets/ | 16899898-16899898--2134_ma_11-_JCB.png | conditions: оценка по яркости;CC BY 4.0;day
images/real/real_00408.jpg;6682HC77;other;0,0,117,68;0,0,117,0,117,68,0,68;1;0;AUTO.RIA Numberplate Options Dataset 2021-09-03 (Nomeroff Net), https://nomeroff.net.ua/datasets/ | 16785836-16785836--6682_ns_77-_Belarus_(MTZ)_320.png | conditions: оценка по яркости;CC BY 4.0;day
images/real/real_00409.jpg;7849AC50;other;0,0,167,98;0,0,167,0,167,98,0,98;1;0;AUTO.RIA Numberplate Options Dataset 2021-09-03 (Nomeroff Net), https://nomeroff.net.ua/datasets/ | 17059340-17059340--7849_as_50-_Suzuki_SV_Series.png | conditions: оценка по яркости;CC BY 4.0;day
images/real/real_00410.jpg;8503OB72;other;0,0,109,63;0,0,109,0,109,63,0,63;1;0;AUTO.RIA Numberplate Options Dataset 2021-09-03 (Nomeroff Net), https://nomeroff.net.ua/datasets/ | 16930033-16930033--8503_ov_72-_SDLG.png | conditions: оценка по яркости;CC BY 4.0;day
images/real/real_00411.jpg;2037XO50;other;0,0,191,111;0,0,191,0,191,111,0,111;1;0;AUTO.RIA Numberplate Options Dataset 2021-09-03 (Nomeroff Net), https://nomeroff.net.ua/datasets/ | 16901199-16901199--2037_kho_50-_Caterpillar.png | conditions: оценка по яркости;CC BY 4.0;day
images/real/real_00412.jpg;6616CX66;other;0,0,197,115;0,0,197,0,197,115,0,115;1;0;AUTO.RIA Numberplate Options Dataset 2021-09-03 (Nomeroff Net), https://nomeroff.net.ua/datasets/ | 17055218-17055218--6616_skh_66-_Can-Am_Maverick.png | conditions: оценка по яркости;CC BY 4.0;day
images/real/real_00413.jpg;7096OA72;other;0,0,95,55;0,0,95,0,95,55,0,55;1;0;AUTO.RIA Numberplate Options Dataset 2021-09-03 (Nomeroff Net), https://nomeroff.net.ua/datasets/ | 16794003-16794003--7096_oa_72-_JCB.png | conditions: оценка по яркости;CC BY 4.0;day
images/real/real_00414.jpg;7521HY53;other;0,0,130,76;0,0,130,0,130,76,0,76;1;0;AUTO.RIA Numberplate Options Dataset 2021-09-03 (Nomeroff Net), https://nomeroff.net.ua/datasets/ | 16857506-16857506--7521_nu_53-_.png | conditions: оценка по яркости;CC BY 4.0;day
images/real/real_00415.jpg;5730XA50;other;0,0,155,90;0,0,155,0,155,90,0,90;1;0;AUTO.RIA Numberplate Options Dataset 2021-09-03 (Nomeroff Net), https://nomeroff.net.ua/datasets/ | 17192331-17192331--5730_kha_50-_JCB.png | conditions: оценка по яркости;CC BY 4.0;day
images/real/real_00416.jpg;0007BO25;other;0,0,83,48;0,0,83,0,83,48,0,48;1;0;AUTO.RIA Numberplate Options Dataset 2021-09-03 (Nomeroff Net), https://nomeroff.net.ua/datasets/ | 16949171-16949171--0007_vo_25-_.png | conditions: оценка по яркости;CC BY 4.0;day
images/real/real_00417.jpg;0196AP78;other;0,0,190,111;0,0,190,0,190,111,0,111;1;0;AUTO.RIA Numberplate Options Dataset 2021-09-03 (Nomeroff Net), https://nomeroff.net.ua/datasets/ | 17214254-17214254--0196_ar_78-_Yamaha_XVS.png | conditions: оценка по яркости;CC BY 4.0;day
images/real/real_00418.jpg;2461AT50;other;0,0,217,127;0,0,217,0,217,127,0,127;1;0;AUTO.RIA Numberplate Options Dataset 2021-09-03 (Nomeroff Net), https://nomeroff.net.ua/datasets/ | 17126617-17126617--2461_at_50-_Suzuki_DR_Series.png | conditions: оценка по яркости;CC BY 4.0;day
images/real/real_00419.jpg;5435CM64;other;0,0,106,62;0,0,106,0,106,62,0,62;1;0;AUTO.RIA Numberplate Options Dataset 2021-09-03 (Nomeroff Net), https://nomeroff.net.ua/datasets/ | 17074456-17074456--5435_sm_64-_.png | conditions: оценка по яркости;CC BY 4.0;day
images/real/real_00420.jpg;2111MO02;other;0,0,126,74;0,0,126,0,126,74,0,74;1;0;AUTO.RIA Numberplate Options Dataset 2021-09-03 (Nomeroff Net), https://nomeroff.net.ua/datasets/ | 17072556-17072556--2111_mo_02-_VgTZ_(STZ)_DT-75.png | conditions: оценка по яркости;CC BY 4.0;day
images/real/real_00421.jpg;7076PB78;other;0,0,102,59;0,0,102,0,102,59,0,59;1;0;AUTO.RIA Numberplate Options Dataset 2021-09-03 (Nomeroff Net), https://nomeroff.net.ua/datasets/ | 17192315-17192315--7076_rv_78-_.png | conditions: оценка по яркости;CC BY 4.0;day
images/real/real_00422.jpg;5599KK60;other;0,0,224,131;0,0,224,0,224,131,0,131;1;0;AUTO.RIA Numberplate Options Dataset 2021-09-03 (Nomeroff Net), https://nomeroff.net.ua/datasets/ | 16970659-16970659--5599_kk_60-_Dnepr_(KMZ)_750.png | conditions: оценка по яркости;CC BY 4.0;day
images/real/real_00423.jpg;0875CH67;other;0,0,144,84;0,0,144,0,144,84,0,84;1;0;AUTO.RIA Numberplate Options Dataset 2021-09-03 (Nomeroff Net), https://nomeroff.net.ua/datasets/ | 16985407-16985407--0875_sn_67-_DM_(Zavod_Dorozhnyh_Mashin).png | conditions: оценка по яркости;CC BY 4.0;day
images/real/real_00424.jpg;1258PT78;other;0,0,181,106;0,0,181,0,181,106,0,106;1;0;AUTO.RIA Numberplate Options Dataset 2021-09-03 (Nomeroff Net), https://nomeroff.net.ua/datasets/ | 16910658-16910658--1258_rt_78-_.png | conditions: оценка по яркости;CC BY 4.0;day
images/real/real_00425.jpg;8419AO78;other;0,0,277,162;0,0,277,0,277,162,0,162;1;0;AUTO.RIA Numberplate Options Dataset 2021-09-03 (Nomeroff Net), https://nomeroff.net.ua/datasets/ | 17208352-17208352--8419_ao_78-_Ducati_Multistrada.png | conditions: оценка по яркости;CC BY 4.0;day
images/real/real_00426.jpg;7106EO32;other;0,0,92,54;0,0,92,0,92,54,0,54;1;0;AUTO.RIA Numberplate Options Dataset 2021-09-03 (Nomeroff Net), https://nomeroff.net.ua/datasets/ | 16903361-16903361--7106_yeo_32-_Amkodor.png | conditions: оценка по яркости;CC BY 4.0;day
images/real/real_00427.jpg;8732EB60;other;0,0,217,127;0,0,217,0,217,127,0,127;1;0;AUTO.RIA Numberplate Options Dataset 2021-09-03 (Nomeroff Net), https://nomeroff.net.ua/datasets/ | 17131307-17131307--8732_yev_60-_.png | conditions: оценка по яркости;CC BY 4.0;day
images/real/real_00428.jpg;3199BO77;other;0,0,165,97;0,0,165,0,165,97,0,97;1;0;AUTO.RIA Numberplate Options Dataset 2021-09-03 (Nomeroff Net), https://nomeroff.net.ua/datasets/ | 17032768-17032768--3199_vo_77-_Bajaj_Qute.png | conditions: оценка по яркости;CC BY 4.0;day
images/real/real_00429.jpg;2216BT25;other;0,0,81,47;0,0,81,0,81,47,0,47;1;0;AUTO.RIA Numberplate Options Dataset 2021-09-03 (Nomeroff Net), https://nomeroff.net.ua/datasets/ | 16839780-16839780--2216_vt_25-_.png | conditions: оценка по яркости;CC BY 4.0;day
images/real/real_00430.jpg;1309KK60;other;0,0,264,154;0,0,264,0,264,154,0,154;1;0;AUTO.RIA Numberplate Options Dataset 2021-09-03 (Nomeroff Net), https://nomeroff.net.ua/datasets/ | 17086253-17086253--1309_kk_60-_Kawasaki_Vulcan.png | conditions: оценка по яркости;CC BY 4.0;day
images/real/real_00431.jpg;2878OO64;other;0,0,198,116;0,0,198,0,198,116,0,116;1;0;AUTO.RIA Numberplate Options Dataset 2021-09-03 (Nomeroff Net), https://nomeroff.net.ua/datasets/ | 17030854-17030854--2878_oo_64-_BMW_K_Series.png | conditions: оценка по яркости;CC BY 4.0;day
images/real/real_00432.jpg;5781AH02;other;0,0,253,148;0,0,253,0,253,148,0,148;1;0;AUTO.RIA Numberplate Options Dataset 2021-09-03 (Nomeroff Net), https://nomeroff.net.ua/datasets/ | 17056191-17056191--5781_an_02-_Harley-Davidson_FL.png | conditions: оценка по яркости;CC BY 4.0;day
images/real/real_00433.jpg;7056XB23;other;0,0,119,69;0,0,119,0,119,69,0,69;1;0;AUTO.RIA Numberplate Options Dataset 2021-09-03 (Nomeroff Net), https://nomeroff.net.ua/datasets/ | 16772359-16772359--7056_khv_23-_GAZ_41_(BRDM-2).png | conditions: оценка по яркости;CC BY 4.0;day
images/real/real_00434.jpg;3495KK60;other;0,0,163,95;0,0,163,0,163,95,0,95;1;0;AUTO.RIA Numberplate Options Dataset 2021-09-03 (Nomeroff Net), https://nomeroff.net.ua/datasets/ | 16943326-16943326--3495_kk_60-_Moto_Guzzi_Breva.png | conditions: оценка по яркости;CC BY 4.0;day
images/real/real_00435.jpg;5599MX02;other;0,0,79,46;0,0,79,0,79,46,0,46;1;0;AUTO.RIA Numberplate Options Dataset 2021-09-03 (Nomeroff Net), https://nomeroff.net.ua/datasets/ | 17061149-17061149--5599_mkh_02-_JCB.png | conditions: оценка по яркости;CC BY 4.0;day
images/real/real_00436.jpg;1738BO77;other;0,0,183,107;0,0,183,0,183,107,0,107;1;0;AUTO.RIA Numberplate Options Dataset 2021-09-03 (Nomeroff Net), https://nomeroff.net.ua/datasets/ | 17047654-17047654--1738_vo_77-_Stels_Flame.png | conditions: оценка по яркости;CC BY 4.0;day
images/real/real_00437.jpg;0885AE71;other;0,0,144,84;0,0,144,0,144,84,0,84;1;0;AUTO.RIA Numberplate Options Dataset 2021-09-03 (Nomeroff Net), https://nomeroff.net.ua/datasets/ | 17078286-17078286--0885_ae_71-_Harley-Davidson_XL.png | conditions: оценка по яркости;CC BY 4.0;day
images/real/real_00438.jpg;1758AB78;other;0,0,247,145;0,0,247,0,247,145,0,145;1;0;AUTO.RIA Numberplate Options Dataset 2021-09-03 (Nomeroff Net), https://nomeroff.net.ua/datasets/ | 17145861-17145861--1758_av_78-_Suzuki_RF_Series.png | conditions: оценка по яркости;CC BY 4.0;day
images/real/real_00439.jpg;1512EA59;other;0,0,80,47;0,0,80,0,80,47,0,47;1;0;AUTO.RIA Numberplate Options Dataset 2021-09-03 (Nomeroff Net), https://nomeroff.net.ua/datasets/ | 16971904-16971904--1512_yea_59-_Cobus_2700.png | conditions: оценка по яркости;CC BY 4.0;day
images/real/real_00440.jpg;86AL003;other;0,0,1899,412;0,0,1899,0,1899,412,0,412;1;0;AUTO.RIA Numberplate Options Dataset 2021-09-03 (Nomeroff Net), https://nomeroff.net.ua/datasets/ | 5921.png | conditions: оценка по яркости;CC BY 4.0;day
images/real/real_00441.jpg;AC1042CI;other;0,0,258,55;0,0,258,0,258,55,0,55;1;0;AUTO.RIA Numberplate Options Dataset 2021-09-03 (Nomeroff Net), https://nomeroff.net.ua/datasets/ | fLhsyBOTuEjYzwbteVQ7Kr2NSPlJ9pnHc5FIm8XxMkAv3DRg4U.png | conditions: оценка по яркости;CC BY 4.0;day
images/real/real_00442.jpg;BC0692BC;other;0,0,462,99;0,0,462,0,462,99,0,99;1;0;AUTO.RIA Numberplate Options Dataset 2021-09-03 (Nomeroff Net), https://nomeroff.net.ua/datasets/ | 260086129.png | conditions: оценка по яркости;CC BY 4.0;day
images/real/real_00443.jpg;P805LBM;other;0,0,303,65;0,0,303,0,303,65,0,65;1;0;AUTO.RIA Numberplate Options Dataset 2021-09-03 (Nomeroff Net), https://nomeroff.net.ua/datasets/ | P805LBM-0.png | conditions: оценка по яркости;CC BY 4.0;day
images/real/real_00444.jpg;AA3004KA;other;0,0,147,31;0,0,147,0,147,31,0,31;1;0;AUTO.RIA Numberplate Options Dataset 2021-09-03 (Nomeroff Net), https://nomeroff.net.ua/datasets/ | 260087615.png | conditions: оценка по яркости;CC BY 4.0;day
images/real/real_00445.jpg;A185YT;other;0,0,294,63;0,0,294,0,294,63,0,63;1;0;AUTO.RIA Numberplate Options Dataset 2021-09-03 (Nomeroff Net), https://nomeroff.net.ua/datasets/ | ODebXLmA9SpHIstUrVag4x2MicqFv3KwoN8WhQdPnjyuYZE6J0.png | conditions: оценка по яркости;CC BY 4.0;day
images/real/real_00446.jpg;73914MO;other;0,0,127,26;0,0,127,0,127,26,0,26;1;0;AUTO.RIA Numberplate Options Dataset 2021-09-03 (Nomeroff Net), https://nomeroff.net.ua/datasets/ | 260679353.png | conditions: оценка по яркости;CC BY 4.0;day
images/real/real_00447.jpg;AH9958KA;other;0,0,554,119;0,0,554,0,554,119,0,119;1;0;AUTO.RIA Numberplate Options Dataset 2021-09-03 (Nomeroff Net), https://nomeroff.net.ua/datasets/ | 260269326.png | conditions: оценка по яркости;CC BY 4.0;day
images/real/real_00448.jpg;36T0897;other;0,0,527,113;0,0,527,0,527,113,0,113;1;0;AUTO.RIA Numberplate Options Dataset 2021-09-03 (Nomeroff Net), https://nomeroff.net.ua/datasets/ | 3402.png | conditions: оценка по яркости;CC BY 4.0;day
images/real/real_00449.jpg;97GM977;other;0,0,138,80;0,0,138,0,138,80,0,80;1;0;AUTO.RIA Numberplate Options Dataset 2021-09-03 (Nomeroff Net), https://nomeroff.net.ua/datasets/ | 97GM977.png | conditions: оценка по яркости;CC BY 4.0;day
images/real/real_00450.jpg;AC2936AB;other;0,0,215,45;0,0,215,0,215,45,0,45;1;0;AUTO.RIA Numberplate Options Dataset 2021-09-03 (Nomeroff Net), https://nomeroff.net.ua/datasets/ | 260571746.png | conditions: оценка по яркости;CC BY 4.0;day
images/real/real_00451.jpg;55XX030;other;0,0,1224,265;0,0,1224,0,1224,265,0,265;1;0;AUTO.RIA Numberplate Options Dataset 2021-09-03 (Nomeroff Net), https://nomeroff.net.ua/datasets/ | 5599.png | conditions: оценка по яркости;CC BY 4.0;day
images/real/real_00452.jpg;AP4341EB;other;0,0,242,51;0,0,242,0,242,51,0,51;1;0;AUTO.RIA Numberplate Options Dataset 2021-09-03 (Nomeroff Net), https://nomeroff.net.ua/datasets/ | 260228685.png | conditions: оценка по яркости;CC BY 4.0;day
images/real/real_00453.jpg;35QP326;other;0,0,792,171;0,0,792,0,792,171,0,171;1;0;AUTO.RIA Numberplate Options Dataset 2021-09-03 (Nomeroff Net), https://nomeroff.net.ua/datasets/ | 6227.png | conditions: оценка по яркости;CC BY 4.0;day
images/real/real_00454.jpg;AC4029CE;other;0,0,302,64;0,0,302,0,302,64,0,64;1;0;AUTO.RIA Numberplate Options Dataset 2021-09-03 (Nomeroff Net), https://nomeroff.net.ua/datasets/ | 260119205.png | conditions: оценка по яркости;CC BY 4.0;day
images/real/real_00455.jpg;SZY22432;other;0,0,145,30;0,0,145,0,145,30,0,30;1;0;AUTO.RIA Numberplate Options Dataset 2021-09-03 (Nomeroff Net), https://nomeroff.net.ua/datasets/ | 260045197.png | conditions: оценка по яркости;CC BY 4.0;day
images/real/real_00456.jpg;25AI6469;other;0,0,1166,252;0,0,1166,0,1166,252,0,252;1;0;AUTO.RIA Numberplate Options Dataset 2021-09-03 (Nomeroff Net), https://nomeroff.net.ua/datasets/ | 12522943-12522943--25 AI 6469- Volkswagen Passat-0.png | conditions: оценка по яркости;CC BY 4.0;day
images/real/real_00457.jpg;19555XO;other;0,0,360,77;0,0,360,0,360,77,0,77;1;0;AUTO.RIA Numberplate Options Dataset 2021-09-03 (Nomeroff Net), https://nomeroff.net.ua/datasets/ | 260243295.png | conditions: оценка по яркости;CC BY 4.0;day
images/real/real_00458.jpg;AC5522AT;other;0,0,143,30;0,0,143,0,143,30,0,30;1;0;AUTO.RIA Numberplate Options Dataset 2021-09-03 (Nomeroff Net), https://nomeroff.net.ua/datasets/ | 260570569.png | conditions: оценка по яркости;CC BY 4.0;day
images/real/real_00459.jpg;280SLA02;other;0,0,228,48;0,0,228,0,228,48,0,48;1;0;AUTO.RIA Numberplate Options Dataset 2021-09-03 (Nomeroff Net), https://nomeroff.net.ua/datasets/ | 280SLA02.png | conditions: оценка по яркости;CC BY 4.0;day
images/real/real_00460.jpg;1655EO7;other;0,0,103,74;0,0,103,0,103,74,0,74;1;0;AUTO.RIA Numberplate Options Dataset 2021-09-03 (Nomeroff Net), https://nomeroff.net.ua/datasets/ | 1655EO7_.png | conditions: оценка по яркости;CC BY 4.0;day
images/real/real_00461.jpg;06AT0719;other;0,0,1087,235;0,0,1087,0,1087,235,0,235;1;0;AUTO.RIA Numberplate Options Dataset 2021-09-03 (Nomeroff Net), https://nomeroff.net.ua/datasets/ | 11592514-11592514--06 AT 0719- Dacia Logan-0.png | conditions: оценка по яркости;CC BY 4.0;day
images/real/real_00462.jpg;TK9829R;other;0,0,164,34;0,0,164,0,164,34,0,34;1;0;AUTO.RIA Numberplate Options Dataset 2021-09-03 (Nomeroff Net), https://nomeroff.net.ua/datasets/ | 260579145.png | conditions: оценка по яркости;CC BY 4.0;day
images/real/real_00463.jpg;AX9383BA;other;0,0,177,37;0,0,177,0,177,37,0,37;1;0;AUTO.RIA Numberplate Options Dataset 2021-09-03 (Nomeroff Net), https://nomeroff.net.ua/datasets/ | 260608950.png | conditions: оценка по яркости;CC BY 4.0;day
images/real/real_00464.jpg;A119BE;other;0,0,294,63;0,0,294,0,294,63,0,63;1;0;AUTO.RIA Numberplate Options Dataset 2021-09-03 (Nomeroff Net), https://nomeroff.net.ua/datasets/ | AvczTxdH2tGwEICUJBeYM8yFp5rqbP7DmoZgW4afR1O6iKLhjl.png | conditions: оценка по яркости;CC BY 4.0;day
images/real/real_00465.jpg;35OR094;other;0,0,844,182;0,0,844,0,844,182,0,182;1;0;AUTO.RIA Numberplate Options Dataset 2021-09-03 (Nomeroff Net), https://nomeroff.net.ua/datasets/ | 3029.png | conditions: оценка по яркости;CC BY 4.0;day
images/real/real_00466.jpg;35RR867;other;0,0,583,126;0,0,583,0,583,126,0,126;1;0;AUTO.RIA Numberplate Options Dataset 2021-09-03 (Nomeroff Net), https://nomeroff.net.ua/datasets/ | 1732.png | conditions: оценка по яркости;CC BY 4.0;day
images/real/real_00467.jpg;BH1110IK;other;0,0,594,128;0,0,594,0,594,128,0,128;1;0;AUTO.RIA Numberplate Options Dataset 2021-09-03 (Nomeroff Net), https://nomeroff.net.ua/datasets/ | 259994591.png | conditions: оценка по яркости;CC BY 4.0;day
images/real/real_00468.jpg;96GX777;other;0,0,140,81;0,0,140,0,140,81,0,81;1;0;AUTO.RIA Numberplate Options Dataset 2021-09-03 (Nomeroff Net), https://nomeroff.net.ua/datasets/ | 96GX777-965.png | conditions: оценка по яркости;CC BY 4.0;day
images/real/real_00469.jpg;BB4444;other;0,0,169,99;0,0,169,0,169,99,0,99;1;0;AUTO.RIA Numberplate Options Dataset 2021-09-03 (Nomeroff Net), https://nomeroff.net.ua/datasets/ | BB 4444.png | conditions: оценка по яркости;CC BY 4.0;day
images/real/real_00470.jpg;AI4034AC;other;0,0,119,25;0,0,119,0,119,25,0,25;1;0;AUTO.RIA Numberplate Options Dataset 2021-09-03 (Nomeroff Net), https://nomeroff.net.ua/datasets/ | 260077906.png | conditions: оценка по яркости;CC BY 4.0;day
images/real/real_00471.jpg;E801AB;other;0,0,294,63;0,0,294,0,294,63,0,63;1;0;AUTO.RIA Numberplate Options Dataset 2021-09-03 (Nomeroff Net), https://nomeroff.net.ua/datasets/ | CEGmBMiNDRycV5ZpghbIzPJ8Lln6rsQ4jKveoTXuf7HqUxAwSO.png | conditions: оценка по яркости;CC BY 4.0;day
images/real/real_00472.jpg;26188TI;other;0,0,375,80;0,0,375,0,375,80,0,80;1;0;AUTO.RIA Numberplate Options Dataset 2021-09-03 (Nomeroff Net), https://nomeroff.net.ua/datasets/ | 261449670.png | conditions: оценка по яркости;CC BY 4.0;day
images/real/real_00473.jpg;QOI888;other;0,0,283,166;0,0,283,0,283,166,0,166;1;0;AUTO.RIA Numberplate Options Dataset 2021-09-03 (Nomeroff Net), https://nomeroff.net.ua/datasets/ | QOI-888.png | conditions: оценка по яркости;CC BY 4.0;day
images/real/real_00474.jpg;GA4811;other;0,0,219,46;0,0,219,0,219,46,0,46;1;0;AUTO.RIA Numberplate Options Dataset 2021-09-03 (Nomeroff Net), https://nomeroff.net.ua/datasets/ | 39283968-39283968_1_0.png | conditions: оценка по яркости;CC BY 4.0;day
images/real/real_00475.jpg;44221OH;other;0,0,256,54;0,0,256,0,256,54,0,54;1;0;AUTO.RIA Numberplate Options Dataset 2021-09-03 (Nomeroff Net), https://nomeroff.net.ua/datasets/ | 260039289.png | conditions: оценка по яркости;CC BY 4.0;day
images/real/real_00476.jpg;SCZKS28;other;0,0,264,56;0,0,264,0,264,56,0,56;1;0;AUTO.RIA Numberplate Options Dataset 2021-09-03 (Nomeroff Net), https://nomeroff.net.ua/datasets/ | 259965788.png | conditions: оценка по яркости;CC BY 4.0;day
images/real/real_00477.jpg;02AX2017;other;0,0,1027,222;0,0,1027,0,1027,222,0,222;1;0;AUTO.RIA Numberplate Options Dataset 2021-09-03 (Nomeroff Net), https://nomeroff.net.ua/datasets/ | 12641302-12641302--02 AX 2017- Volkswagen Touareg-0.png | conditions: оценка по яркости;CC BY 4.0;day
images/real/real_00478.jpg;3796BO4;other;0,0,121,84;0,0,121,0,121,84,0,84;1;0;AUTO.RIA Numberplate Options Dataset 2021-09-03 (Nomeroff Net), https://nomeroff.net.ua/datasets/ | 3796BO4_.png | conditions: оценка по яркости;CC BY 4.0;day
images/real/real_00479.jpg;181CX02;other;0,0,272,58;0,0,272,0,272,58,0,58;1;0;AUTO.RIA Numberplate Options Dataset 2021-09-03 (Nomeroff Net), https://nomeroff.net.ua/datasets/ | 181CX02.png | conditions: оценка по яркости;CC BY 4.0;day
images/real/real_00480.jpg;20LA005;other;0,0,1246,270;0,0,1246,0,1246,270,0,270;1;0;AUTO.RIA Numberplate Options Dataset 2021-09-03 (Nomeroff Net), https://nomeroff.net.ua/datasets/ | 4758.png | conditions: оценка по яркости;CC BY 4.0;day
images/real/real_00481.jpg;36RG887;other;0,0,1297,281;0,0,1297,0,1297,281,0,281;1;0;AUTO.RIA Numberplate Options Dataset 2021-09-03 (Nomeroff Net), https://nomeroff.net.ua/datasets/ | 4376.png | conditions: оценка по яркости;CC BY 4.0;day
images/real/real_00482.jpg;AA4805KK;other;0,0,347,74;0,0,347,0,347,74,0,74;1;0;AUTO.RIA Numberplate Options Dataset 2021-09-03 (Nomeroff Net), https://nomeroff.net.ua/datasets/ | 260248648.png | conditions: оценка по яркости;CC BY 4.0;day
images/real/real_00483.jpg;HBGK204;other;0,0,190,40;0,0,190,0,190,40,0,40;1;0;AUTO.RIA Numberplate Options Dataset 2021-09-03 (Nomeroff Net), https://nomeroff.net.ua/datasets/ | 260571953.png | conditions: оценка по яркости;CC BY 4.0;day
images/real/real_00484.jpg;52661TC;other;0,0,160,34;0,0,160,0,160,34,0,34;1;0;AUTO.RIA Numberplate Options Dataset 2021-09-03 (Nomeroff Net), https://nomeroff.net.ua/datasets/ | 260974482.png | conditions: оценка по яркости;CC BY 4.0;day
images/real/real_00485.jpg;TKN08225;other;0,0,185,39;0,0,185,0,185,39,0,39;1;0;AUTO.RIA Numberplate Options Dataset 2021-09-03 (Nomeroff Net), https://nomeroff.net.ua/datasets/ | 259978054.png | conditions: оценка по яркости;CC BY 4.0;day
images/real/real_00486.jpg;40727XM;other;0,0,133,28;0,0,133,0,133,28,0,28;1;0;AUTO.RIA Numberplate Options Dataset 2021-09-03 (Nomeroff Net), https://nomeroff.net.ua/datasets/ | 259735086.png | conditions: оценка по яркости;CC BY 4.0;day
images/real/real_00487.jpg;35602HJA;other;0,0,489,105;0,0,489,0,489,105,0,105;1;0;AUTO.RIA Numberplate Options Dataset 2021-09-03 (Nomeroff Net), https://nomeroff.net.ua/datasets/ | 356HJA02-0.png | conditions: оценка по яркости;CC BY 4.0;day
images/real/real_00488.jpg;98843BI;other;0,0,280,60;0,0,280,0,280,60,0,60;1;0;AUTO.RIA Numberplate Options Dataset 2021-09-03 (Nomeroff Net), https://nomeroff.net.ua/datasets/ | 260871653.png | conditions: оценка по яркости;CC BY 4.0;day
images/real/real_00489.jpg;AE6437KC;other;0,0,248,53;0,0,248,0,248,53,0,53;1;0;AUTO.RIA Numberplate Options Dataset 2021-09-03 (Nomeroff Net), https://nomeroff.net.ua/datasets/ | 260041732.png | conditions: оценка по яркости;CC BY 4.0;day
images/real/real_00490.jpg;VY136YV;other;0,0,202,118;0,0,202,0,202,118,0,118;1;0;AUTO.RIA Numberplate Options Dataset 2021-09-03 (Nomeroff Net), https://nomeroff.net.ua/datasets/ | VY-136-YV.png | conditions: оценка по яркости;CC BY 4.0;day
images/real/real_00491.jpg;CB4342WP;other;0,0,250,53;0,0,250,0,250,53,0,53;1;0;AUTO.RIA Numberplate Options Dataset 2021-09-03 (Nomeroff Net), https://nomeroff.net.ua/datasets/ | 259980449.png | conditions: оценка по яркости;CC BY 4.0;day
images/real/real_00492.jpg;AE488AE;other;0,0,156,33;0,0,156,0,156,33,0,33;1;0;AUTO.RIA Numberplate Options Dataset 2021-09-03 (Nomeroff Net), https://nomeroff.net.ua/datasets/ | 39417787-39417787_1_0.png | conditions: оценка по яркости;CC BY 4.0;day
images/real/real_00493.jpg;34QO230;other;0,0,279,164;0,0,279,0,279,164,0,164;1;0;AUTO.RIA Numberplate Options Dataset 2021-09-03 (Nomeroff Net), https://nomeroff.net.ua/datasets/ | 34QO230.png | conditions: оценка по яркости;CC BY 4.0;day
images/real/real_00494.jpg;BC6349ET;other;0,0,333,71;0,0,333,0,333,71,0,71;1;0;AUTO.RIA Numberplate Options Dataset 2021-09-03 (Nomeroff Net), https://nomeroff.net.ua/datasets/ | 260019778.png | conditions: оценка по яркости;CC BY 4.0;day
images/real/real_00495.jpg;AA3176OH;other;0,0,212,45;0,0,212,0,212,45,0,45;1;0;AUTO.RIA Numberplate Options Dataset 2021-09-03 (Nomeroff Net), https://nomeroff.net.ua/datasets/ | 259980827.png | conditions: оценка по яркости;CC BY 4.0;day
images/real/real_00496.jpg;A698HE;other;0,0,294,63;0,0,294,0,294,63,0,63;1;0;AUTO.RIA Numberplate Options Dataset 2021-09-03 (Nomeroff Net), https://nomeroff.net.ua/datasets/ | 7GwxRLPnZHpcqy5dtQb9rkOYVlszvghSB6Km4XUIJ3DTM0EfFi.png | conditions: оценка по яркости;CC BY 4.0;day
images/real/real_00497.jpg;LV111LV;other;0,0,268,57;0,0,268,0,268,57,0,57;1;0;AUTO.RIA Numberplate Options Dataset 2021-09-03 (Nomeroff Net), https://nomeroff.net.ua/datasets/ | 31452408-31452408_2_0.png | conditions: оценка по яркости;CC BY 4.0;day
images/real/real_00498.jpg;105KYA08;other;0,0,210,45;0,0,210,0,210,45,0,45;1;0;AUTO.RIA Numberplate Options Dataset 2021-09-03 (Nomeroff Net), https://nomeroff.net.ua/datasets/ | 105KYA08.png | conditions: оценка по яркости;CC BY 4.0;day
images/real/real_00499.jpg;E44BK2121;other;0,0,119,25;0,0,119,0,119,25,0,25;1;0;AUTO.RIA Numberplate Options Dataset 2021-09-03 (Nomeroff Net), https://nomeroff.net.ua/datasets/ | 261409679.png | conditions: оценка по яркости;CC BY 4.0;day
images/real/real_00500.jpg;AAAA000;other;0,0,609,143;0,0,609,0,609,143,0,143;1;0;EU License Plates Images, https://zenodo.org/records/3967850 | aaaa000.jpg | conditions: оценка по яркости;CC BY 4.0;day
images/real/real_00501.jpg;AAAA111;other;0,0,430,101;0,0,430,0,430,101,0,101;1;0;EU License Plates Images, https://zenodo.org/records/3967850 | aaaa111.jpg | conditions: оценка по яркости;CC BY 4.0;day
images/real/real_00502.jpg;ABA1234;other;0,0,261,65;0,0,261,0,261,65,0,65;1;0;EU License Plates Images, https://zenodo.org/records/3967850 | aba1234.jpg | conditions: оценка по яркости;CC BY 4.0;day
images/real/real_00503.jpg;ABGAP33;other;0,0,1023,255;0,0,1023,0,1023,255,0,255;1;0;EU License Plates Images, https://zenodo.org/records/3967850 | abgap33.jpg | conditions: оценка по яркости;CC BY 4.0;day
images/real/real_00504.jpg;ANAL334;other;0,0,284,76;0,0,284,0,284,76,0,76;1;0;EU License Plates Images, https://zenodo.org/records/3967850 | anal334.jpg | conditions: оценка по яркости;CC BY 4.0;day
images/real/real_00505.jpg;ANCL550;other;0,0,398,108;0,0,398,0,398,108,0,108;1;0;EU License Plates Images, https://zenodo.org/records/3967850 | ancl550.jpg | conditions: оценка по яркости;CC BY 4.0;day
images/real/real_00506.jpg;BLAM414;other;0,0,999,250;0,0,999,0,999,250,0,250;1;0;EU License Plates Images, https://zenodo.org/records/3967850 | blam414.jpg | conditions: оценка по яркости;CC BY 4.0;day
images/real/real_00507.jpg;BMW6220;other;0,0,440,113;0,0,440,0,440,113,0,113;1;0;EU License Plates Images, https://zenodo.org/records/3967850 | bmw6220.jpg | conditions: оценка по яркости;CC BY 4.0;day
images/real/real_00508.jpg;BN15858;other;0,0,479,104;0,0,479,0,479,104,0,104;1;0;EU License Plates Images, https://zenodo.org/records/3967850 | bn158-58.jpg | conditions: оценка по яркости;CC BY 4.0;day
images/real/real_00509.jpg;BRL702;other;0,0,435,114;0,0,435,0,435,114,0,114;1;0;EU License Plates Images, https://zenodo.org/records/3967850 | brl702.jpg | conditions: оценка по яркости;CC BY 4.0;day
images/real/real_00510.jpg;BTF857H;other;0,0,599,329;0,0,599,0,599,329,0,329;1;0;EU License Plates Images, https://zenodo.org/records/3967850 | btf857h.jpg | conditions: оценка по яркости;CC BY 4.0;day
images/real/real_00511.jpg;DANKE82;other;0,0,420,141;0,0,420,0,420,141,0,141;1;0;EU License Plates Images, https://zenodo.org/records/3967850 | danke82.jpg | conditions: оценка по яркости;CC BY 4.0;day
images/real/real_00512.jpg;ES344;other;0,0,132,35;0,0,132,0,132,35,0,35;1;0;EU License Plates Images, https://zenodo.org/records/3967850 | es344.jpg | conditions: оценка по яркости;CC BY 4.0;day
images/real/real_00513.jpg;FBCK80;other;0,0,564,352;0,0,564,0,564,352,0,352;1;0;EU License Plates Images, https://zenodo.org/records/3967850 | fbck80.jpg | conditions: оценка по яркости;CC BY 4.0;day
images/real/real_00514.jpg;FCK469;other;0,0,1499,403;0,0,1499,0,1499,403,0,403;1;0;EU License Plates Images, https://zenodo.org/records/3967850 | fck469.jpg | conditions: оценка по яркости;CC BY 4.0;day
images/real/real_00515.jpg;FD2107H;other;0,0,151,36;0,0,151,0,151,36,0,36;1;0;EU License Plates Images, https://zenodo.org/records/3967850 | fd2107h.jpg | conditions: оценка по яркости;CC BY 4.0;day
images/real/real_00516.jpg;GAJ169;other;0,0,333,76;0,0,333,0,333,76,0,76;1;0;EU License Plates Images, https://zenodo.org/records/3967850 | gaj169.jpg | conditions: оценка по яркости;CC BY 4.0;day
images/real/real_00517.jpg;HGAA7034;other;0,0,299,79;0,0,299,0,299,79,0,79;1;0;EU License Plates Images, https://zenodo.org/records/3967850 | hgaa7034.jpg | conditions: оценка по яркости;CC BY 4.0;day
images/real/real_00518.jpg;HHRD41;other;0,0,298,83;0,0,298,0,298,83,0,83;1;0;EU License Plates Images, https://zenodo.org/records/3967850 | hhrd41.jpg | conditions: оценка по яркости;CC BY 4.0;day
images/real/real_00519.jpg;HROD819;other;0,0,2046,544;0,0,2046,0,2046,544,0,544;1;0;EU License Plates Images, https://zenodo.org/records/3967850 | hrod819.jpg | conditions: оценка по яркости;CC BY 4.0;day
images/real/real_00520.jpg;INA6310;other;0,0,262,73;0,0,262,0,262,73,0,73;1;0;EU License Plates Images, https://zenodo.org/records/3967850 | ina6310.jpg | conditions: оценка по яркости;CC BY 4.0;day
images/real/real_00521.jpg;KSC124;other;0,0,319,79;0,0,319,0,319,79,0,79;1;0;EU License Plates Images, https://zenodo.org/records/3967850 | ksc124.jpg | conditions: оценка по яркости;CC BY 4.0;day
images/real/real_00522.jpg;LA5079;other;0,0,2046,523;0,0,2046,0,2046,523,0,523;1;0;EU License Plates Images, https://zenodo.org/records/3967850 | la5079.jpg | conditions: оценка по яркости;CC BY 4.0;day
images/real/real_00523.jpg;LG9;other;0,0,226,93;0,0,226,0,226,93,0,93;1;0;EU License Plates Images, https://zenodo.org/records/3967850 | lg9.jpg | conditions: оценка по яркости;CC BY 4.0;day
images/real/real_00524.jpg;MAP7563;other;0,0,418,113;0,0,418,0,418,113,0,113;1;0;EU License Plates Images, https://zenodo.org/records/3967850 | map7563.jpg | conditions: оценка по яркости;CC BY 4.0;day
images/real/real_00525.jpg;MBCL600;other;0,0,399,85;0,0,399,0,399,85,0,85;1;0;EU License Plates Images, https://zenodo.org/records/3967850 | mbcl600.jpg | conditions: оценка по яркости;CC BY 4.0;day
images/real/real_00526.jpg;MBDT781;other;0,0,2966,803;0,0,2966,0,2966,803,0,803;1;0;EU License Plates Images, https://zenodo.org/records/3967850 | mbdt781.jpg | conditions: оценка по яркости;CC BY 4.0;day
images/real/real_00527.jpg;MDT5157;other;0,0,432,115;0,0,432,0,432,115,0,115;1;0;EU License Plates Images, https://zenodo.org/records/3967850 | mdt5157.jpg | conditions: оценка по яркости;CC BY 4.0;day
images/real/real_00528.jpg;MGX1234;other;0,0,203,50;0,0,203,0,203,50,0,50;1;0;EU License Plates Images, https://zenodo.org/records/3967850 | mgx1234.jpg | conditions: оценка по яркости;CC BY 4.0;day
images/real/real_00529.jpg;NRW45317;other;0,0,234,170;0,0,234,0,234,170,0,170;1;0;EU License Plates Images, https://zenodo.org/records/3967850 | nrw4-5317.jpg | conditions: оценка по яркости;CC BY 4.0;day
images/real/real_00530.jpg;;other;0,0,323,78;0,0,323,0,323,78,0,78;1;0;EU License Plates Images, https://zenodo.org/records/3967850 | o2.jpg | conditions: оценка по яркости;CC BY 4.0;day
images/real/real_00531.jpg;PELN212;other;0,0,235,127;0,0,235,0,235,127,0,127;1;0;EU License Plates Images, https://zenodo.org/records/3967850 | peln212.jpg | conditions: оценка по яркости;CC BY 4.0;day
images/real/real_00532.jpg;QLGX125;other;0,0,481,103;0,0,481,0,481,103,0,103;1;0;EU License Plates Images, https://zenodo.org/records/3967850 | qlgx125.jpg | conditions: оценка по яркости;CC BY 4.0;day
images/real/real_00533.jpg;RUDCN890;other;0,0,249,59;0,0,249,0,249,59,0,59;1;0;EU License Plates Images, https://zenodo.org/records/3967850 | rudcn890.jpg | conditions: оценка по яркости;CC BY 4.0;day
images/real/real_00534.jpg;SLSC56;other;0,0,347,95;0,0,347,0,347,95,0,95;1;0;EU License Plates Images, https://zenodo.org/records/3967850 | slsc56.jpg | conditions: оценка по яркости;CC BY 4.0;day
images/real/real_00535.jpg;SMB2062;other;0,0,456,109;0,0,456,0,456,109,0,109;1;0;EU License Plates Images, https://zenodo.org/records/3967850 | smb2062.jpg | conditions: оценка по яркости;CC BY 4.0;day
images/real/real_00536.jpg;SMB2078;other;0,0,639,173;0,0,639,0,639,173,0,173;1;0;EU License Plates Images, https://zenodo.org/records/3967850 | smb2078.jpg | conditions: оценка по яркости;CC BY 4.0;day
images/real/real_00537.jpg;SMC1735;other;0,0,1137,379;0,0,1137,0,1137,379,0,379;1;0;EU License Plates Images, https://zenodo.org/records/3967850 | smc1735.jpg | conditions: оценка по яркости;CC BY 4.0;day
images/real/real_00538.jpg;SMC9348;other;0,0,297,82;0,0,297,0,297,82,0,82;1;0;EU License Plates Images, https://zenodo.org/records/3967850 | smc9348.jpg | conditions: оценка по яркости;CC BY 4.0;day
images/real/real_00539.jpg;SPO7211;other;0,0,558,197;0,0,558,0,558,197,0,197;1;0;EU License Plates Images, https://zenodo.org/records/3967850 | spo7211.jpg | conditions: оценка по яркости;CC BY 4.0;day
images/real/real_00540.jpg;SPR911;other;0,0,1499,404;0,0,1499,0,1499,404,0,404;1;0;EU License Plates Images, https://zenodo.org/records/3967850 | spr911.jpg | conditions: оценка по яркости;CC BY 4.0;day
images/real/real_00541.jpg;SUFF170;other;0,0,374,159;0,0,374,0,374,159,0,159;1;0;EU License Plates Images, https://zenodo.org/records/3967850 | suff170.jpg | conditions: оценка по яркости;CC BY 4.0;day
images/real/real_00542.jpg;VU99;other;0,0,183,50;0,0,183,0,183,50,0,50;1;0;EU License Plates Images, https://zenodo.org/records/3967850 | vu99.jpg | conditions: оценка по яркости;CC BY 4.0;day
images/real/real_00543.jpg;WANNE685;other;0,0,413,109;0,0,413,0,413,109,0,109;1;0;EU License Plates Images, https://zenodo.org/records/3967850 | wanne685.jpg | conditions: оценка по яркости;CC BY 4.0;day
images/real/real_00544.jpg;WOBAV151;other;0,0,343,77;0,0,343,0,343,77,0,77;1;0;EU License Plates Images, https://zenodo.org/records/3967850 | wobav151.jpg | conditions: оценка по яркости;CC BY 4.0;day
images/real/real_00545.jpg;WOBNP301;other;0,0,1137,379;0,0,1137,0,1137,379,0,379;1;0;EU License Plates Images, https://zenodo.org/records/3967850 | wobnp301.jpg | conditions: оценка по яркости;CC BY 4.0;day
images/real/real_00546.jpg;WOBVR142;other;0,0,446,112;0,0,446,0,446,112,0,112;1;0;EU License Plates Images, https://zenodo.org/records/3967850 | wobvr142.jpg | conditions: оценка по яркости;CC BY 4.0;day
images/real/real_00547.jpg;WUDY993;other;0,0,399,84;0,0,399,0,399,84,0,84;1;0;EU License Plates Images, https://zenodo.org/records/3967850 | wudy993.jpg | conditions: оценка по яркости;CC BY 4.0;day
images/real/real_00548.jpg;BQ708GP;other;0,0,1540,470;0,0,1540,0,1540,470,0,470;1;0;EU License Plates Images, https://zenodo.org/records/3967850 | bq-708-gp.jpg | conditions: оценка по яркости;CC BY 4.0;day
images/real/real_00549.jpg;PG589G;other;0,0,1432,577;0,0,1432,0,1432,577,0,577;1;0;EU License Plates Images, https://zenodo.org/records/3967850 | pg589g.jpg | conditions: оценка по яркости;CC BY 4.0;day
images/real/real_web_0000.jpg;XY327##;type1b;600,480,44,8;603,481,644,480,643,488,600,487;1;0;https://www.flickr.com/photos/24415554@N04/9564233855 (автор: trolleway) | разметка: предразметка собственной моделью, текст/тип/углы проверены и исправлены вручную;CC-BY-2.0;day
images/real/real_web_0001.jpg;AK271##;type1b;292,906,70,14;292,907,358,906,362,920,292,918;1;0;https://www.flickr.com/photos/24415554@N04/32076971974 (автор: trolleway) | разметка: предразметка собственной моделью, текст/тип/углы проверены и исправлены вручную;CC-BY-2.0;day
images/real/real_web_0002.jpg;AE63777;type1b;555,592,44,10;557,593,600,592,600,602,555,601;1;0;https://www.flickr.com/photos/24415554@N04/3859791834 (автор: trolleway) | разметка: предразметка собственной моделью, текст/тип/углы проверены и исправлены вручную;CC-BY-2.0;day
images/real/real_web_0003.jpg;AE79277;type1b;580,521,90,26;580,526,669,521,667,541,583,547;1;0;https://www.flickr.com/photos/24415554@N04/11520795464 (автор: trolleway) | разметка: предразметка собственной моделью, текст/тип/углы проверены и исправлены вручную;CC-BY-2.0;day
images/real/real_web_0004.jpg;AH63677;type1b;239,538,51,9;241,541,290,538,288,545,239,548;1;0;https://www.flickr.com/photos/24415554@N04/15093530503 (автор: trolleway) | разметка: предразметка собственной моделью, текст/тип/углы проверены и исправлены вручную;CC-BY-2.0;day
images/real/real_web_0005.jpg;AY07577;type1b;172,494,61,17;172,499,228,494,232,510,172,511;1;0;https://www.flickr.com/photos/24415554@N04/15940771004 (автор: trolleway) | разметка: предразметка собственной моделью, текст/тип/углы проверены и исправлены вручную;CC-BY-2.0;day
images/real/real_web_0006.jpg;AY13677;type1b;588,524,45,17;588,532,630,524,632,533,588,540;1;0;https://www.flickr.com/photos/24415554@N04/9104683695 (автор: trolleway) | разметка: предразметка собственной моделью, текст/тип/углы проверены и исправлены вручную;CC-BY-2.0;day
images/real/real_web_0007.jpg;EM56677;type1b;661,540,52,11;663,544,713,540,713,550,661,552;1;0;https://www.flickr.com/photos/24415554@N04/9482196334 (автор: trolleway) | разметка: предразметка собственной моделью, текст/тип/углы проверены и исправлены вручную;CC-BY-2.0;day
images/real/real_web_0008.jpg;AE83577;type1b;429,540,64,14;430,542,491,540,493,552,429,554;1;0;https://www.flickr.com/photos/24415554@N04/16552388650 (автор: trolleway) | разметка: предразметка собственной моделью, текст/тип/углы проверены и исправлены вручную;CC-BY-2.0;day
images/real/real_web_0009.jpg;AY121##;type1b;456,484,50,11;458,488,506,484,506,493,456,495;1;0;https://www.flickr.com/photos/24415554@N04/3916682066 (автор: trolleway) | разметка: предразметка собственной моделью, текст/тип/углы проверены и исправлены вручную;CC-BY-2.0;day
images/real/real_web_0010.jpg;EE00777;type1b;711,568,44,14;711,575,754,568,756,578,712,583;1;0;https://www.flickr.com/photos/24415554@N04/4465032967 (автор: trolleway) | разметка: предразметка собственной моделью, текст/тип/углы проверены и исправлены вручную;CC-BY-2.0;day
images/real/real_web_0011.jpg;AE87277;type1b;723,601,75,14;723,602,794,601,798,614,723,614;1;0;https://www.flickr.com/photos/24415554@N04/10004705575 (автор: trolleway) | разметка: предразметка собственной моделью, текст/тип/углы проверены и исправлены вручную;CC-BY-2.0;day
images/real/real_web_0012.jpg;AY09577;type1b;629,530,78,16;629,536,702,530,707,545,630,547;1;0;https://www.flickr.com/photos/24415554@N04/8817183400 (автор: trolleway) | разметка: предразметка собственной моделью, текст/тип/углы проверены и исправлены вручную;CC-BY-2.0;day
images/real/real_web_0013.jpg;AY14277;type1b;644,478,80,22;644,486,720,478,724,494,645,500;1;0;https://www.flickr.com/photos/24415554@N04/3916188605 (автор: trolleway) | разметка: предразметка собственной моделью, текст/тип/углы проверены и исправлены вручную;CC-BY-2.0;day
images/real/real_web_0014.jpg;AY07577;type1b;194,538,82,23;194,541,276,538,277,556,198,562;1;0;https://www.flickr.com/photos/24415554@N04/16375691398 (автор: trolleway) | разметка: предразметка собственной моделью, текст/тип/углы проверены и исправлены вручную;CC-BY-2.0;day
images/real/real_web_0015.jpg;AY29077;type1b;731,489,56,14;731,493,784,489,787,501,731,503;1;0;https://www.flickr.com/photos/24415554@N04/9475734196 (автор: trolleway) | разметка: предразметка собственной моделью, текст/тип/углы проверены и исправлены вручную;CC-BY-2.0;day
images/real/real_web_0015.jpg;C557CH197;type1;210,495,53,11;212,497,262,495,262,506,210,505;1;0;https://www.flickr.com/photos/24415554@N04/9475734196 (автор: trolleway) | разметка: предразметка собственной моделью, текст/тип/углы проверены и исправлены вручную;CC-BY-2.0;day
images/real/real_web_0016.jpg;PT07277;type1b;527,467,109,45;527,484,628,467,636,493,535,513;1;0;https://www.flickr.com/photos/61252770@N06/44720752125 (автор: Busworld) | разметка: предразметка собственной моделью, текст/тип/углы проверены и исправлены вручную;Public domain;day
images/real/real_web_0017.jpg;AK71677;type1b;705,477,56,18;707,485,758,477,761,491,705,495;1;0;https://www.flickr.com/photos/24415554@N04/22487840534 (автор: trolleway) | разметка: предразметка собственной моделью, текст/тип/углы проверены и исправлены вручную;CC-BY-2.0;day
images/real/real_web_0018.jpg;AE17832;type1b;1891,1372,71,23;1892,1373,1962,1372,1956,1391,1891,1396;1;0;https://commons.wikimedia.org/wiki/File:Bryansk_bus_Sovtransavto_Ikarus_%D0%90%D0%95178_32_3.jpg (автор: Svetlov Artem) | разметка: предразметка собственной моделью, текст/тип/углы проверены и исправлены вручную;CC0-1.0;day
images/real/real_web_0018.jpg;M041YA32;type1;2432,1393,80,23;2432,1396,2512,1393,2511,1412,2433,1416;1;0;https://commons.wikimedia.org/wiki/File:Bryansk_bus_Sovtransavto_Ikarus_%D0%90%D0%95178_32_3.jpg (автор: Svetlov Artem) | разметка: предразметка собственной моделью, текст/тип/углы проверены и исправлены вручную;CC0-1.0;day
images/real/real_web_0019.jpg;AC77072;type1b;1344,1334,146,34;1344,1348,1484,1334,1489,1364,1345,1368;1;0;https://commons.wikimedia.org/wiki/File:Itinera_taksio_%C4%89e_strato_Melnikaite_(Tjumeno).jpg (автор: RG72) | разметка: предразметка собственной моделью, текст/тип/углы проверены и исправлены вручную;CC-BY-4.0;day
images/real/real_web_0020.jpg;AM31473;type1b;497,1602,160,44;503,1612,657,1602,655,1638,497,1646;1;0;https://commons.wikimedia.org/wiki/File:LiAZ_677M_bus_on_17_route_and_GAZ_GAZelle_shared_taxi_on_33_route,_Ulyanovsk.jpg (автор: Artem Svetlov) | разметка: предразметка собственной моделью, текст/тип/углы проверены и исправлены вручную;CC-BY-2.0;day
images/real/real_web_0020.jpg;A213MA73;type1;1937,1612,132,22;1940,1614,2069,1612,2063,1634,1937,1633;1;0;https://commons.wikimedia.org/wiki/File:LiAZ_677M_bus_on_17_route_and_GAZ_GAZelle_shared_taxi_on_33_route,_Ulyanovsk.jpg (автор: Artem Svetlov) | разметка: предразметка собственной моделью, текст/тип/углы проверены и исправлены вручную;CC-BY-2.0;day
images/real/real_web_0021.jpg;KX94377;type1b;3322,1281,479,144;3322,1281,3802,1312,3784,1425,3328,1414;1;0;https://commons.wikimedia.org/wiki/File:Moscow,_Moskvich_3_taxi,_July_2025_01.jpg (автор: Retired electrician) | разметка: предразметка собственной моделью, текст/тип/углы проверены и исправлены вручную;CC0-1.0;day
images/real/real_web_0021.jpg;A095CX797;type1;801,1675,505,145;801,1675,1306,1677,1300,1797,820,1820;1;0;https://commons.wikimedia.org/wiki/File:Moscow,_Moskvich_3_taxi,_July_2025_01.jpg (автор: Retired electrician) | разметка: предразметка собственной моделью, текст/тип/углы проверены и исправлены вручную;CC0-1.0;day
images/real/real_web_0022.jpg;AB82269;type1b;1641,1500,199,54;1641,1520,1829,1500,1840,1538,1643,1554;1;0;https://commons.wikimedia.org/wiki/File:Nelidovo,_Tver_Oblast,_Russia_-_panoramio_(14).jpg (автор: Svetlov Artem) | разметка: предразметка собственной моделью, текст/тип/углы проверены и исправлены вручную;CC-BY-3.0;day
images/real/real_web_0023.jpg;AE53278;type1b;832,797,134,55;832,818,959,797,966,824,841,852;1;0;https://commons.wikimedia.org/wiki/File:Otoyol_E29.14.jpg (автор: Serko) | разметка: предразметка собственной моделью, текст/тип/углы проверены и исправлены вручную;Public domain;day
images/real/real_web_0024.jpg;AK06236;type1b;1528,1372,211,115;1528,1437,1723,1372,1740,1422,1538,1487;1;0;https://commons.wikimedia.org/wiki/File:PAZ-3205_(1).JPG (автор: Шалин) | разметка: предразметка собственной моделью, текст/тип/углы проверены и исправлены вручную;Public domain;day
images/real/real_web_0025.jpg;BO20950;type1b;743,1004,89,41;743,1026,830,1004,832,1021,743,1045;1;0;https://commons.wikimedia.org/wiki/File:Shchyolkovo,_Moscow_Oblast,_Russia_-_panoramio_(79).jpg (автор: Svetlov Artem) | разметка: предразметка собственной моделью, текст/тип/углы проверены и исправлены вручную;CC-BY-3.0;day
images/real/real_web_0026.jpg;AX88874;type1b;748,1638,145,30;750,1645,893,1638,886,1655,748,1667;1;0;https://commons.wikimedia.org/wiki/File:Tscheljabinsk-Marschrut-Taxi-2.jpg (автор: Schlurcher) | разметка: предразметка собственной моделью, текст/тип/углы проверены и исправлены вручную;CC-BY-4.0;day
images/real/real_web_0026.jpg;K100OA74;type1;2517,1628,141,35;2517,1629,2658,1628,2656,1662,2519,1663;1;0;https://commons.wikimedia.org/wiki/File:Tscheljabinsk-Marschrut-Taxi-2.jpg (автор: Schlurcher) | разметка: предразметка собственной моделью, текст/тип/углы проверены и исправлены вручную;CC-BY-4.0;day
images/real/real_web_0026.jpg;X549YC74;type1;3681,1494,120,27;3685,1504,3800,1494,3796,1519,3681,1521;1;0;https://commons.wikimedia.org/wiki/File:Tscheljabinsk-Marschrut-Taxi-2.jpg (автор: Schlurcher) | разметка: предразметка собственной моделью, текст/тип/углы проверены и исправлены вручную;CC-BY-4.0;day
images/real/real_web_0026.jpg;Y989B###;type1;2041,1494,111,35;2041,1494,2152,1496,2152,1529,2043,1524;1;0;https://commons.wikimedia.org/wiki/File:Tscheljabinsk-Marschrut-Taxi-2.jpg (автор: Schlurcher) | разметка: предразметка собственной моделью, текст/тип/углы проверены и исправлены вручную;CC-BY-4.0;day
images/real/real_web_0027.jpg;AE40873;type1b;2316,1938,485,175;2316,1982,2801,1938,2799,2055,2331,2114;1;0;https://commons.wikimedia.org/wiki/File:UAZ_2206_shared_taxi_(marshrutka)_on_80_route,_Ulyanovsk.jpg (автор: Artem Svetlov) | разметка: предразметка собственной моделью, текст/тип/углы проверены и исправлены вручную;CC-BY-2.0;day
images/real/real_web_0027.jpg;E494EC73;type1;432,1594,274,83;433,1626,691,1594,707,1649,432,1676;1;0;https://commons.wikimedia.org/wiki/File:UAZ_2206_shared_taxi_(marshrutka)_on_80_route,_Ulyanovsk.jpg (автор: Artem Svetlov) | разметка: предразметка собственной моделью, текст/тип/углы проверены и исправлены вручную;CC-BY-2.0;day
